SpMax_L,F04[C-N],C%,nO,HyWi_B(m),LOC,SM6_L,F03[C-O],Me,Mi,nN-N,nArNO2,nCRX3,SpPosA_B(p),nCIR,B01[C-Br],B03[C-Cl],N-073,SpMax_A,Psi_i_1d,B04[C-Br],SdO,TI2_L,class*
5.146,15,39.4,8,4.696,1.471,11.447,12,1.036,1.133,0,2,0,1.234,3,0,1,0,2.439,0,0,68.836,4.958,NRB
5.127,15,39.4,8,4.63,1.474,11.395,12,1.031,1.134,0,2,0,1.226,3,0,0,0,2.431,0,0,68.414,4.899,NRB
4.958,13,41.3,2,4.33,1.476,11.064,4,1.014,1.127,0,1,0,1.296,4,0,0,0,2.422,0,0,21.767,5.289,NRB
5.014,10,43.9,0,4.364,1.423,10.971,0,1.013,1.117,0,0,0,1.335,4,0,1,0,2.439,0,0,0,5.224,NRB
4.97,10,43.9,0,4.364,1.423,10.971,0,1.013,1.117,0,0,0,1.334,4,0,1,0,2.428,0,0,0,5.251,NRB
4.704,12,47.4,2,4.12,0.49,10.767,4,1.013,1.118,0,0,0,1.269,3,0,0,0,2.277,0,0,0,5.547,NRB
5.216,5,51.4,2,4.211,0.566,11.057,6,1.013,1.104,0,0,0,1.322,7,0,1,1,2.53,0,0,12.687,3.608,NRB
5.058,8,38.1,4,4.401,1.487,11.015,4,1.045,1.133,0,1,0,1.255,2,0,1,0,2.385,0,0,21.604,4.881,NRB
4.871,9,42.6,2,4.357,1.107,10.946,2,1.014,1.124,0,1,0,1.296,3,0,0,0,2.327,0,0,21.375,5.5,NRB
4.913,14,44.2,4,4.287,0.845,10.988,8,1.029,1.126,0,1,0,1.249,3,0,0,0,2.335,0,0,21.325,5.539,NRB
6.293,1,26.8,3,4.549,1.886,12.166,6,1.207,1.288,0,0,1,0.957,0,0,0,0,2.675,0,0,22.604,4.624,NRB
5.041,16,42.9,6,4.788,0.887,11.617,10,1.01,1.125,0,0,0,1.261,4,0,0,0,2.406,0,0,50.316,8.013,NRB
5.63,0,27.7,4,4.114,0.737,11.381,4,0.977,1.109,0,0,0,1.477,2,0,0,0,2.496,0,0,0,2.052,NRB
5.995,0,41.7,0,4.378,0.752,11.528,0,1.074,1.102,0,0,0,1.373,6,0,1,0,2.805,0,0,0,1.076,NRB
5.512,2,47.4,2,4.346,0.541,11.302,8,0.991,1.112,0,0,0,1.287,4,0,0,0,2.431,0,0,0,5.531,NRB
5.058,8,38.1,4,4.617,1.487,11.015,4,1.042,1.13,0,1,0,1.271,2,1,1,0,2.385,0,1,21.68,4.881,NRB
5.189,28,55.6,0,4.84,0,11.742,0,0.998,1.102,0,0,0,1.355,24,0,0,0,2.525,0,0,0,1.875,NRB
4.954,14,46.2,2,4.408,1.164,11.064,4,1.009,1.121,0,1,0,1.289,3,0,0,0,2.347,0,0,21.72,5.85,NRB
5.123,10,50,1,3.939,0.548,10.737,2,0.995,1.109,0,0,0,1.311,4,0,0,0,2.413,0,0,0,3.631,NRB
5.127,12,54.1,1,4.095,0.393,10.925,2,0.995,1.1,0,0,0,1.33,6,0,0,0,2.423,0,0,0,3.993,NRB
5.356,6,38.2,2,4.555,1.852,11.424,3,1.005,1.141,0,0,1,1.215,7,0,0,1,2.502,0,0,11.86,7.751,NRB
5.373,7,51.2,2,4.226,0.75,11.197,4,1.006,1.107,0,0,0,1.303,15,0,0,0,2.566,0,0,0,2.712,NRB
5.138,18,48,0,4.296,0.67,11.007,0,0.992,1.116,0,0,0,1.304,5,0,0,0,2.423,0,0,0,5.649,NRB
5.236,0,52.9,2,4.445,0.7,11.29,6,1.032,1.076,0,0,0,1.393,6,0,1,0,2.573,0,0,25.873,2.912,NRB
5.465,4,58.3,3,4.469,0.648,11.412,12,1.041,1.084,0,0,0,1.335,15,0,1,1,2.603,0,0,39.297,2.108,NRB
5.035,8,45.7,1,4.103,0.595,10.85,2,1.014,1.121,0,0,0,1.297,3,0,1,0,2.444,0,0,12.447,4.041,NRB
5.406,8,50,2,4.196,0.777,11.159,8,0.998,1.108,0,0,0,1.297,7,0,0,1,2.552,0,0,26.252,2.915,NRB
5.376,14,53.6,4,4.602,0.559,11.615,16,1.016,1.102,0,0,0,1.298,12,0,0,0,2.537,0,0,51.819,6.659,NRB
5.125,10,48.5,3,4.067,0.797,10.854,6,1.025,1.115,0,1,0,1.279,4,0,0,0,2.415,0,0,21.934,3.923,NRB
5.126,10,48.5,3,4.18,0.832,10.931,6,1.035,1.113,0,1,0,1.291,4,0,1,0,2.418,0,0,22.121,3.982,NRB
5.513,17,40.5,7,4.762,1.229,11.68,20,1.02,1.123,0,0,0,1.255,5,0,1,0,2.48,0,0,39.702,6.079,NRB
5.422,14,56.6,7,4.939,0.494,11.976,26,1.019,1.094,0,0,0,1.302,22,0,0,1,2.583,0,0,95.149,6.65,NRB
4.867,11,42.9,4,4.461,1.053,11.078,7,1.018,1.128,0,1,0,1.255,3,0,0,0,2.312,0,0,33.409,6.841,NRB
5.51,4,53.1,4,4.476,0.531,11.465,16,1.011,1.093,0,0,0,1.315,8,0,0,1,2.529,0,0,51.613,4.821,NRB
5.2,0,57.1,2,4.476,0.691,11.236,6,1.058,1.061,0,0,0,1.403,6,0,1,0,2.57,0,0,25.54,2.815,NRB
4.88,15,43.8,3,4.297,1.064,10.994,5,1.014,1.126,0,0,0,1.255,3,0,0,0,2.322,0,0,11.183,6.19,NRB
5.275,0,45.2,8,4.733,0,11.537,12,1.005,1.114,0,0,0,1.224,8,0,0,0,2.476,0,0,0,3.336,NRB
5.393,0,19.5,3,3.797,1.907,10.77,0,0.965,1.12,0,0,0,1.54,0,0,0,0,2.327,0.001,0,0,3.298,NRB
5.283,0,32,4,3.811,2.161,11.219,14,0.991,1.141,0,0,0,1.186,0,0,0,0,2.298,0,0,0,5.013,NRB
5.401,4,47.7,6,4.384,0.973,11.374,15,1.03,1.104,0,0,0,1.275,7,0,0,1,2.547,0,0,48.292,4.114,NRB
5.122,5,44.4,1,4.436,0.459,11.314,3,1,1.13,0,0,0,1.253,6,0,0,0,2.481,0,0,12.525,6.056,NRB
5.242,17,46.4,4,4.575,0.978,11.387,9,1.022,1.118,0,0,0,1.279,5,0,1,0,2.473,0,0,35.756,5.42,NRB
5.171,16,35.3,10,4.853,1.939,11.416,13,1.042,1.14,0,2,0,1.216,2,1,0,0,2.444,0,1,80.579,4.766,NRB
4.935,0,41.7,0,3.17,0.861,10.06,0,0.966,1.121,0,0,0,1.315,1,0,0,0,2.303,0.013,0,0,1.047,NRB
5.186,0,52.9,2,4.359,0.691,11.221,6,1.022,1.078,0,0,0,1.391,6,0,1,0,2.561,0,0,25.702,2.878,NRB
5.248,0,50,2,4.413,0.704,11.354,6,1.013,1.087,0,0,0,1.379,6,0,1,0,2.583,0,0,26.227,2.955,NRB
5.023,14,43.9,4,4.86,0.807,11.667,6,1.01,1.121,0,0,0,1.291,4,0,1,0,2.394,0,0,50.233,8.673,NRB
5.122,9,47.4,2,4.024,0.923,10.773,5,1.001,1.114,0,0,0,1.278,4,0,0,0,2.412,0,0,0,4.291,NRB
5.436,4,41.2,2,3.8,1.817,10.945,2,1.001,1.127,0,0,0,1.259,1,0,0,0,2.41,0,0,20.833,2.978,NRB
5.123,10,48.5,3,4.18,0.832,10.931,6,1.035,1.113,0,1,0,1.291,4,0,1,0,2.415,0,0,21.389,4.146,NRB
5.127,11,45.7,5,4.214,0.942,11.028,10,1.048,1.122,0,2,0,1.257,4,0,0,0,2.421,0,0,43.745,4.139,NRB
5.588,0,21.1,4,4.106,1.582,11.414,0,0.967,1.122,0,0,0,1.501,0,0,0,0,2.449,0,0,0,1.763,NRB
5.401,7,52.6,2,4.131,0.566,11.077,8,1.004,1.103,0,0,0,1.3,7,0,0,1,2.547,0,0,25.788,2.773,NRB
6.213,0,29.6,1,4.101,1.673,11.72,1,1.22,1.31,0,0,1,0.913,0,0,0,0,2.622,0,0,0,3.183,NRB
5.122,9,51.6,1,3.895,0.447,10.628,2,0.998,1.106,0,0,0,1.309,4,0,0,0,2.41,0,0,0,3.491,NRB
5.095,3,48.1,2,4.231,0.737,10.813,6,1.054,1.103,0,0,0,1.322,2,0,1,0,2.383,0,0,12.071,3.694,NRB
5.272,0,50,4,5.15,1.163,11.265,9,1.027,1.09,0,0,0,1.372,3,1,0,0,2.485,0,1,24.85,2.649,NRB
5.703,6,46.6,1,4.545,0.782,11.602,6,0.983,1.114,0,0,0,1.299,6,0,0,1,2.564,0,0,0,3.391,NRB
4.562,0,25,0,2.821,0.918,9.184,0,1.213,1.326,0,0,0,0.881,0,0,0,0,2,-0.31,0,0,1.521,NRB
6.293,1,27.3,3,4.57,1.941,12.173,6,1.19,1.278,0,0,1,0.963,0,0,0,0,2.676,0,0,23.066,4.736,NRB
5.818,0,54.1,5,5.299,0.681,11.744,18,1.085,1.072,0,0,0,1.38,9,1,1,0,2.707,0,1,13.215,1.775,NRB
5.229,3,57.1,2,4.612,0.596,11.289,6,1.023,1.077,0,0,0,1.379,9,1,1,0,2.57,0,1,25.809,3.02,NRB
5.401,6,53.8,2,4.363,0.528,11.255,8,1.011,1.085,0,0,0,1.361,9,0,0,0,2.55,0,0,26.116,3.399,NRB
5.054,9,40.4,4,4.445,1.834,11.044,5,1.035,1.13,0,1,0,1.262,2,0,1,0,2.374,0,0,32.613,5.583,NRB
5.702,6,47.1,1,4.521,0.759,11.552,6,0.984,1.113,0,0,0,1.301,6,0,0,1,2.558,0,0,0,3.348,NRB
5.562,0,20,6,4.273,0.691,11.63,0,0.976,1.118,0,0,0,1.504,1,0,0,0,2.449,0,0,0,1.359,NRB
5.562,0,20,5,4.093,0.716,11.448,0,0.976,1.118,0,0,0,1.498,1,0,0,0,2.449,0,0,0,1.192,NRB
5.155,3,42.4,0,4.211,0.993,11.121,0,0.978,1.124,0,0,0,1.29,3,0,0,0,2.43,0,0,0,2.561,NRB
5.079,14,39.6,3,4.584,1.383,11.102,5,1.021,1.133,0,1,0,1.274,2,1,0,0,2.4,0,1,33.55,4.456,NRB
5.123,10,48.6,1,3.98,0.61,10.824,2,0.992,1.111,0,0,0,1.313,4,0,0,0,2.414,0,0,0,3.8,NRB
5.054,8,39.5,3,4.248,1.372,10.892,4,1.035,1.132,0,1,0,1.261,2,0,1,0,2.373,0,0,21.488,4.768,NRB
4.698,12,48.6,1,4.074,0.393,10.675,2,1.004,1.116,0,0,0,1.286,3,0,0,0,2.272,0,0,0,5.347,NRB
5.14,18,51.2,1,4.244,0.352,10.969,2,1.001,1.109,0,0,0,1.306,5,0,0,0,2.428,0,0,0,4.536,NRB
5.495,0,40.7,1,4.071,1.082,11.457,4,0.972,1.123,0,0,0,1.284,2,0,0,0,2.488,0,0,0,3.069,NRB
4.834,13,47.5,1,4.111,0.49,10.779,3,1.001,1.117,0,0,0,1.288,3,0,0,0,2.296,0,0,0,5.486,NRB
4.732,0,50,0,4.554,0.881,9.803,0,1.028,1.064,0,0,0,1.542,1,1,0,0,2.236,-0.024,1,0,0.95,NRB
5.268,0,40,2,3.962,1.197,10.51,4,1.068,1.114,0,0,0,1.296,1,0,1,0,2.439,0.001,0,0,1.098,NRB
5.1,0,54.5,0,4.281,0.76,10.787,0,1.062,1.079,0,0,0,1.398,2,0,1,0,2.414,0,0,0,2.525,NRB
5.123,10,48.6,2,3.987,0.741,10.766,4,1.005,1.112,0,0,0,1.286,4,0,0,0,2.414,0,0,0,3.785,NRB
5.727,0,48.7,5,5.17,0.68,11.583,16,1.047,1.083,0,0,0,1.374,5,1,0,0,2.652,0,1,25.842,2.157,NRB
5.727,0,46.7,5,4.844,0.68,11.583,18,1.025,1.097,0,0,0,1.329,5,1,0,0,2.652,0,1,25.889,2.157,NRB
5.525,7,36.8,4,3.939,1.067,11.292,8,1.015,1.136,0,2,0,1.24,3,0,0,0,2.615,0,0,45.18,1.396,NRB
5.761,0,45.1,5,4.358,0.68,11.583,18,1.008,1.109,0,0,0,1.286,5,0,0,0,2.663,0,0,26.041,2.067,NRB
5.137,5,51.4,2,4.211,0.566,11.047,6,1.013,1.104,0,0,0,1.321,7,0,1,1,2.511,0,0,12.507,3.781,NRB
5.236,0,46.2,0,4.029,0.799,10.434,0,1.104,1.068,0,0,0,1.44,1,0,1,0,2.414,0.004,0,0,0.873,NRB
5.099,3,50,2,4.108,0.65,10.904,6,1.007,1.105,0,0,0,1.315,4,0,1,0,2.418,0,0,12.428,3.744,NRB
5.46,5,34.3,5,3.89,1.207,11.002,11,1.029,1.141,0,2,0,1.212,1,0,0,0,2.493,0,0,44.352,1.528,NRB
5.356,5,40.4,0,4.29,0.744,11.272,0,1.01,1.143,0,0,1,1.23,7,0,0,1,2.502,0,0,0,4.17,NRB
5.554,14,60.9,2,4.465,0.406,11.623,8,1.003,1.085,0,0,0,1.351,96,0,0,2,2.677,0,0,26.731,1.664,NRB
5.807,0,34.5,2,3.896,1.544,11.474,5,0.975,1.136,0,0,0,1.22,3,0,0,0,2.586,0,0,0,2.926,NRB
4.7,16,34.4,0,4.507,0.591,11.007,0,1.006,1.147,0,0,0,1.238,2,0,1,0,2.241,0,0,0,10.882,NRB
5.237,4,40.8,0,4.224,0.477,11.003,0,0.988,1.121,0,0,0,1.304,7,0,1,1,2.485,0,0,0,4.207,NRB
5.236,0,33.3,0,4.006,0.799,10.434,0,1.069,1.12,0,0,0,1.347,1,0,1,0,2.414,0.004,0,0,0.873,NRB
5.562,0,20,4,3.874,0.75,11.225,0,0.976,1.118,0,0,0,1.505,1,0,0,0,2.449,0,0,0,1.048,NRB
5.772,0,46.7,5,5.195,0.686,11.678,16,1.035,1.09,0,0,0,1.367,5,1,0,0,2.671,0,1,26.287,2.189,NRB
6.03,0,37,3,4.33,0.828,11.994,10,0.978,1.131,0,0,0,1.237,15,0,0,0,2.711,0,0,12.794,2.275,NRB
5.465,9,45.8,5,4.407,0.817,11.452,16,1.021,1.11,0,0,0,1.281,7,0,0,0,2.569,0,0,52.188,3.432,NRB
5.122,15,51.2,1,4.244,0.352,10.969,2,1.001,1.109,0,0,0,1.306,5,0,0,0,2.411,0,0,0,5.624,NRB
5.093,3,48.1,2,4.793,0.73,10.713,6,1.032,1.093,0,0,0,1.381,2,1,0,0,2.378,0,1,12.1,3.574,NRB
5.109,4,46.3,4,4.221,0.942,11.032,10,1.02,1.112,0,0,0,1.272,4,0,1,0,2.426,0,0,12.612,4.029,NRB
5.098,3,50,2,4.108,0.65,10.904,6,1.007,1.105,0,0,0,1.315,4,0,1,0,2.417,0,0,12.412,3.766,NRB
5.406,0,40,2,4.144,1.006,11.361,8,0.982,1.119,0,0,0,1.3,2,0,0,0,2.446,0,0,0,3.797,NRB
5.164,0,50,0,4.133,0.946,10.629,0,1.017,1.096,0,0,0,1.367,2,0,1,0,2.396,0,0,0,2.485,NRB
4.969,10,41.9,4,4.726,1.375,11.397,6,0.999,1.127,0,0,0,1.272,2,0,0,0,2.348,0,0,24.485,12.185,NRB
5.402,8,50,3,4.204,0.777,11.167,10,1.009,1.108,0,0,0,1.281,7,0,0,1,2.548,0,0,26.01,3.125,NRB
5.014,11,43.9,0,4.768,1.625,10.896,0,1.008,1.112,0,0,0,1.373,4,1,0,0,2.438,0,1,0,5.876,NRB
5.092,12,41.9,10,4.716,1.022,11.566,20,1.05,1.129,0,4,0,1.231,4,0,0,2,2.433,0,0,90.179,6.017,NRB
5.142,14,40.9,7,4.594,1.483,11.38,13,1.023,1.129,0,1,0,1.236,3,0,0,0,2.416,0,0,58.116,4.086,NRB
4.928,9,43.1,3,4.383,0.812,11.028,6,1.013,1.124,0,1,0,1.267,3,0,1,0,2.334,0,0,21.549,6.366,NRB
5.009,0,52.2,1,5.112,0.745,10.692,4,1.039,1.065,0,0,0,1.488,2,1,0,0,2.37,0,1,0,3.099,NRB
4.97,11,42.6,2,4.485,1.703,11.078,1,1.023,1.12,0,0,0,1.31,4,0,1,0,2.428,0,0,10.966,5.718,NRB
6.253,1,26.3,3,4.378,1.87,11.929,6,1.172,1.264,0,0,1,0.976,0,0,0,0,2.651,0,0,22.874,3.964,NRB
5.489,0,36.5,3,3.933,1.933,11.152,7,0.985,1.132,0,0,0,1.232,1,0,0,0,2.466,0,0,11.575,3.38,NRB
5.063,0,52.2,1,4.937,0.732,10.592,4,1.029,1.072,0,0,0,1.461,2,1,0,0,2.364,0,1,0,3.063,NRB
5.667,0,48.8,2,4.16,0.865,11.077,4,0.996,1.105,0,0,0,1.296,3,0,1,0,2.501,0,0,0,2.446,NRB
4.97,10,44.7,0,4.338,1.352,10.948,0,1.017,1.115,0,0,0,1.343,4,0,1,0,2.428,0,0,0,5.193,NRB
5.625,0,32.6,4,4.387,0.672,11.705,10,0.982,1.142,0,0,0,1.207,2,0,0,0,2.473,0,0,24.794,10.366,NRB
5.382,0,42.6,1,3.914,1.061,11.174,3,0.975,1.119,0,0,0,1.288,2,0,0,0,2.422,0,0,0,3.24,NRB
5.146,14,41,6,4.802,1.239,11.385,11,1.029,1.128,0,2,0,1.264,3,1,0,0,2.438,0,1,57.392,4.874,NRB
5.39,14,54.5,5,4.641,0.551,11.712,20,1.024,1.101,0,0,0,1.299,13,0,0,0,2.561,0,0,52.471,4.905,NRB
5.387,22,54.3,6,4.89,0.48,11.931,24,1.025,1.102,0,0,0,1.303,15,0,0,0,2.551,0,0,52.753,7.43,NRB
5.134,11,36.7,5,4.617,1.376,11.165,9,1.034,1.138,0,2,0,1.246,2,1,0,0,2.415,0,1,56.246,4.488,NRB
5.512,0,35.8,10,4.841,0.762,12.034,36,0.998,1.128,0,0,0,1.233,6,0,0,0,2.436,0,0,0,7.977,NRB
4.969,5,43.5,1,4.319,1.187,11.056,2,0.984,1.121,0,0,0,1.284,3,0,0,0,2.35,0,0,0,6.456,NRB
5.015,5,43.5,1,4.319,1.187,11.065,3,0.984,1.121,0,0,0,1.285,3,0,0,0,2.361,0,0,0,6.15,NRB
5.421,4,50,5,4.248,0.803,11.224,17,1.022,1.106,0,0,0,1.262,7,0,0,0,2.558,0,0,25.644,3.388,NRB
5.079,14,39.6,3,4.894,1.383,11.102,5,1.018,1.13,0,1,0,1.316,2,0,0,0,2.4,0,0,33.591,4.456,NRB
5.054,8,41.5,2,4.74,1.571,10.933,4,1.023,1.124,0,1,0,1.313,2,1,0,0,2.374,0,1,21.723,5.102,NRB
5.054,10,38.5,6,4.858,1.883,11.116,6,1.034,1.128,0,1,0,1.265,2,1,0,0,2.375,0,1,43.927,5.664,NRB
5.097,18,40,3,4.396,1.585,11.149,5,1.014,1.135,0,1,0,1.259,2,0,0,0,2.409,0,0,33.815,4.64,NRB
5.564,6,60.7,2,4.626,0.48,11.82,8,0.999,1.085,0,0,0,1.351,124,0,0,0,2.682,0,0,27.226,2.175,NRB
5.373,3,42.6,5,4.368,1.142,11.24,13,1.026,1.119,0,0,0,1.263,2,0,1,0,2.389,0,0,36.516,4.098,NRB
5.245,21,45.3,7,4.823,0.877,11.671,17,1.023,1.118,0,0,0,1.26,6,0,1,0,2.477,0,0,37.884,7.019,NRB
4.972,8,42.9,2,4.475,1.456,11.077,3,1.008,1.123,0,0,0,1.293,2,0,1,0,2.352,0,0,12.112,6.291,NRB
5.054,8,38.5,6,4.693,1.883,11.128,10,1.036,1.13,0,1,0,1.246,2,1,1,0,2.375,0,1,44.822,5.613,NRB
5.195,22,39.7,5,4.613,1.142,11.288,7,1.019,1.135,0,1,0,1.239,3,0,0,0,2.436,0,0,22.085,7.054,NRB
5.509,13,37.5,5,4.451,1.157,11.469,8,1.023,1.136,0,2,0,1.243,4,0,1,0,2.521,0,0,44.833,4.623,NRB
4.994,10,34,1,4.281,1.619,10.875,1,0.999,1.136,0,0,0,1.282,2,0,0,0,2.371,0,0,11.627,4.313,NRB
5.326,17,39.6,6,4.879,0.666,11.575,10,1.01,1.127,0,0,0,1.256,4,0,1,0,2.437,0,0,23.869,7.131,NRB
5.51,6,44.1,1,4.338,1.219,11.329,2,0.989,1.122,0,0,0,1.297,4,0,0,0,2.523,0,0,12.544,4.717,NRB
5.504,7,43.9,2,4.344,1.193,11.281,3,0.996,1.122,0,0,0,1.283,4,0,0,0,2.508,0,0,12.106,5.416,NRB
5.195,22,39.7,5,4.613,1.142,11.288,7,1.019,1.135,0,1,0,1.239,3,0,0,0,2.436,0,0,22.022,7.439,NRB
5.424,21,46.4,2,4.732,0.876,11.463,8,1.01,1.117,0,0,0,1.297,8,1,0,1,2.562,0,1,26.814,4.045,NRB
5.436,23,45.9,3,4.549,0.964,11.521,10,1.009,1.121,0,0,0,1.275,8,0,0,1,2.57,0,0,39.496,3.971,NRB
4.953,0,50,2,4.037,0.732,10.578,6,1.043,1.097,0,0,0,1.322,2,0,1,0,2.346,0,0,0,3.061,NRB
5.711,10,45.2,6,4.819,0.598,11.792,18,1.009,1.119,0,0,0,1.265,8,0,0,1,2.537,0,0,12.841,6.404,NRB
5.67,5,33.3,2,4.066,0.638,11.479,7,0.979,1.141,0,0,0,1.212,3,0,0,0,2.595,0,0,13.211,2.662,NRB
5.711,5,45.1,7,4.767,0.656,11.722,21,1.009,1.117,0,0,0,1.254,6,0,0,0,2.533,0,0,25.555,6.292,NRB
4.999,11,36.2,5,4.425,2.042,11.085,7,1.02,1.139,0,1,0,1.219,2,0,1,0,2.376,0,0,33.954,4.854,NRB
6.272,1,25.8,2,4.374,1.679,12.007,4,1.241,1.312,0,0,1,0.941,0,0,0,0,2.66,0,0,21.224,3.774,NRB
6.247,1,25,2,4.262,1.585,11.87,4,1.235,1.306,0,0,1,0.946,0,0,0,0,2.643,0,0,21.118,3.384,NRB
6.212,1,24,2,4.135,1.568,11.712,4,1.226,1.299,0,0,1,0.952,0,0,0,0,2.621,0,0,20.981,2.997,NRB
4.971,11,40,4,4.387,1.834,11.044,5,1.024,1.132,0,1,0,1.257,2,0,1,0,2.36,0,0,32.554,5.366,NRB
6.221,1,25.7,3,4.266,1.87,11.781,6,1.161,1.255,0,0,1,0.985,0,0,0,0,2.632,0,0,22.738,3.586,NRB
6.276,1,26.8,3,4.479,1.939,12.059,6,1.182,1.271,0,0,1,0.969,0,0,0,0,2.665,0,0,22.981,4.348,NRB
6.253,1,25.7,3,4.352,1.811,11.921,6,1.19,1.275,0,0,1,0.968,0,0,0,0,2.65,0,0,22.412,3.866,NRB
6.276,1,26.3,3,4.456,1.883,12.051,6,1.199,1.282,0,0,1,0.962,0,0,0,0,2.664,0,0,22.519,4.241,NRB
5.144,12,38.2,6,4.74,1.696,11.283,11,1.038,1.136,0,2,0,1.254,2,1,0,0,2.435,0,1,56.922,4.61,NRB
6.272,1,26.5,2,4.399,1.77,12.012,4,1.216,1.297,0,0,1,0.954,0,0,0,0,2.66,0,0,21.687,3.939,NRB
5.777,4,43,5,4.619,1.368,11.717,17,0.997,1.12,0,0,0,1.263,7,0,0,1,2.678,0,0,26.614,2.563,NRB
5.776,4,43,5,4.619,1.368,11.717,17,0.997,1.12,0,0,0,1.263,7,0,0,1,2.677,0,0,26.41,2.575,NRB
5.505,18,42.9,5,4.618,1.387,11.469,11,1.017,1.121,0,0,0,1.27,5,0,0,0,2.474,0,0,36.847,6.694,NRB
5.489,4,36.4,8,4.768,0.935,11.945,16,0.995,1.134,0,0,0,1.219,2,0,0,0,2.466,0,0,49.078,13.145,NRB
5.155,14,40.8,5,4.65,1.584,11.175,9,1.032,1.128,0,2,0,1.268,4,1,0,0,2.44,0,1,44.822,4.864,NRB
5.759,5,40.7,2,4.438,1.122,11.591,4,0.978,1.124,0,0,0,1.268,7,0,0,0,2.588,0,0,24.735,4.78,NRB
5.077,16,39.3,4,4.646,1.844,11.137,5,1.016,1.131,0,1,0,1.269,2,1,0,0,2.394,0,1,33.067,5.46,NRB
5.096,20,40.4,4,4.424,1.857,11.156,5,1.015,1.133,0,1,0,1.256,2,0,0,0,2.404,0,0,33.127,5.491,NRB
5.054,10,45,4,4.449,0.904,11.118,8,1.05,1.122,0,2,0,1.278,3,0,1,1,2.373,0,0,42.968,5.875,NRB
5.179,14,38.6,2,4.4,1.575,11.237,2,1.003,1.131,0,0,0,1.281,2,0,0,0,2.403,0,0,23.83,4.339,NRB
5.058,12,36.8,8,4.573,2.045,11.22,12,1.044,1.135,0,1,0,1.216,2,0,1,0,2.385,0,0,44.322,5.624,NRB
4.942,1,46.7,0,3.78,1.125,10.363,0,0.987,1.112,0,0,0,1.317,2,0,1,0,2.347,0,0,0,2.491,NRB
4.965,1,46.7,0,3.78,1.125,10.38,0,0.987,1.112,0,0,0,1.316,2,0,1,0,2.35,0,0,0,2.527,NRB
5.359,22,42.9,4,4.535,1.543,11.401,8,1.012,1.127,0,0,0,1.258,7,0,0,0,2.528,0,0,26.366,4.801,NRB
5.195,28,37,6,4.781,1.61,11.504,8,1.031,1.14,0,1,0,1.238,3,0,1,0,2.442,0,0,22.143,6.341,NRB
5.359,15,52.1,3,4.613,0.583,11.577,11,1.032,1.106,1,0,0,1.307,12,0,1,0,2.553,0,0,39.253,4.861,NRB
5.03,10,41.1,5,4.581,0.993,11.24,8,1.031,1.128,0,1,0,1.254,3,0,1,0,2.387,0,0,33.433,6.141,NRB
5.079,14,38.9,3,4.624,1.575,11.129,5,1.014,1.133,0,1,0,1.273,2,1,0,0,2.401,0,1,33.749,4.611,NRB
5.044,12,42.2,0,4.42,1.257,10.907,0,0.991,1.124,0,0,0,1.316,2,1,0,0,2.376,0,1,0,4.406,NRB
5.178,11,38,2,4.587,1.361,11.194,2,1.008,1.128,0,0,0,1.297,2,1,0,0,2.397,0,1,23.584,4.16,NRB
5.179,11,37.5,2,4.627,1.555,11.22,2,1.003,1.129,0,0,0,1.296,2,1,0,0,2.398,0,1,23.808,4.243,NRB
5.243,15,46.9,6,4.507,0.832,11.335,14,1.039,1.119,0,2,0,1.264,5,0,0,0,2.473,0,0,57.515,4.86,NRB
5.194,23,39.1,2,4.58,1.707,11.215,2,1.006,1.135,0,0,0,1.259,3,0,1,0,2.435,0,0,0,5.735,NRB
5.145,6,53.3,2,4.938,0.691,11.221,6,1.047,1.085,0,0,0,1.392,6,1,1,0,2.559,0,1,25.464,2.876,NRB
5.311,11,29.3,8,4.698,3.739,11.171,19,1.003,1.144,0,0,0,1.213,0,0,0,0,2.26,0,0,57.953,11.144,NRB
5.287,14,43.6,5,4.549,1.247,11.373,15,1.028,1.124,0,1,0,1.266,3,0,1,0,2.465,0,0,48.612,5.247,NRB
5.017,16,43.8,3,4.255,0.845,11.005,6,1.01,1.124,0,0,0,1.254,3,0,0,0,2.376,0,0,0,5.044,NRB
5.244,15,46.3,5,4.479,0.946,11.3,12,1.021,1.118,0,1,0,1.267,5,0,0,0,2.474,0,0,35.706,4.924,NRB
4.659,1,46.7,0,3.776,0.5,10.219,0,0.987,1.112,0,0,0,1.318,2,0,1,0,2.228,0,0,0,4.24,NRB
5.419,0,21.6,2,3.613,1.547,10.88,0,0.962,1.124,0,0,0,1.494,0,0,0,0,2.327,0.003,0,0,2.848,NRB
5.035,9,43.9,1,4.058,0.636,10.928,2,0.998,1.125,0,0,0,1.29,3,0,0,0,2.445,0,0,12.534,4.22,NRB
5.262,0,29.3,0,4.413,2.217,10.2,0,0.969,1.142,0,0,0,1.358,0,0,0,0,2.25,-0.002,0,0,2.369,NRB
5.363,0,34.5,3,4.656,2.415,10.811,10,0.981,1.126,0,0,0,1.33,1,0,0,0,2.374,0,0,12.641,3.349,NRB
4.496,0,30,0,4.373,2.237,9.519,0,0.957,1.131,0,0,0,1.421,0,0,0,0,2.101,0.003,0,0,2.551,NRB
5.136,0,52.9,0,5.331,0,10.547,0,0.97,1.081,0,0,0,1.485,3,0,0,0,2.394,0,0,0,1.935,NRB
5.351,0,31.4,4,4.608,2.416,10.608,7,0.988,1.132,0,0,0,1.304,0,0,0,0,2.329,0,0,22.441,3.415,NRB
5.262,0,29.3,0,4.458,2.217,10.2,0,0.964,1.132,0,0,0,1.41,0,0,1,0,2.25,-0.002,0,0,2.369,NRB
5.665,0,51.4,0,4.64,0.432,10.89,0,0.983,1.095,0,0,0,1.44,3,0,0,0,2.49,0,0,0,1.839,NRB
5.509,0,29.6,1,5.083,2.383,10.95,6,0.961,1.132,0,0,0,1.397,0,0,0,0,2.414,0,0,0,3.022,NRB
5.362,0,31,4,5.274,2.922,11.309,12,0.971,1.134,0,0,0,1.322,0,0,0,0,2.369,0,0,27.83,5.33,NRB
4.772,0,32.3,0,4.568,2.978,10.831,0,1.002,1.133,0,0,0,1.288,0,0,1,0,2.213,0,0,0,7.849,NRB
5.303,0,22.2,1,3.231,1.224,10.445,0,0.957,1.126,0,0,0,1.492,0,0,0,0,2.236,0.034,0,0,2.129,NRB
4.926,0,31.6,0,4.292,2.458,10.51,0,1.02,1.132,0,0,0,1.296,0,0,1,0,2.254,0,0,0,4.839,NRB
6.342,0,31.6,1,4.976,2.028,12.713,1,1.264,1.339,0,0,1,0.908,0,0,0,0,2.709,0,0,0,7.102,NRB
3,0,0,2,2.466,0.918,6.594,0,1.128,1.139,0,0,0,1.25,0,0,0,0,1.414,1.049,0,8.458,1.333,NRB
5.011,2,30.8,1,3.825,2.868,10.404,1,0.969,1.145,0,0,0,1.191,0,0,0,0,2.277,0,0,0,6.168,NRB
3.732,0,30,0,2.511,1.585,8.16,0,0.959,1.145,0,0,0,1.196,0,0,0,0,1.802,-0.181,0,0,2.488,NRB
3.991,0,32.7,0,4.228,4.087,10.288,0,0.961,1.14,0,0,0,1.213,0,0,0,0,1.992,0,0,0,13.789,RB
3.981,0,32.4,0,3.838,3.567,9.863,0,0.961,1.14,0,0,0,1.21,0,0,0,0,1.983,0,0,0,9.336,RB
3.978,0,32.3,0,3.747,3.44,9.762,0,0.961,1.141,0,0,0,1.21,0,0,0,0,1.98,0,0,0,8.527,RB
3.98,0,32.4,0,3.794,3.459,9.814,0,0.961,1.14,0,0,0,1.21,0,0,0,0,1.981,0,0,0,8.931,RB
3.994,0,32.8,0,4.391,4.322,10.461,0,0.961,1.14,0,0,0,1.214,0,0,0,0,1.994,0,0,0,16.22,RB
3.97,0,32.1,0,3.594,3.17,9.588,0,0.961,1.141,0,0,0,1.209,0,0,0,0,1.973,0,0,0,7.314,RB
3.985,0,32.5,0,3.96,3.7,9.998,0,0.961,1.14,0,0,0,1.211,0,0,0,0,1.986,0,0,0,10.55,RB
3.973,0,32.2,0,3.648,3.301,9.649,0,0.961,1.141,0,0,0,1.209,0,0,0,0,1.975,0,0,0,7.718,RB
3.993,0,32.8,0,4.339,4.248,10.406,0,0.961,1.14,0,0,0,1.213,0,0,0,0,1.994,0,0,0,15.41,RB
3.993,0,32.7,0,4.312,4.236,10.378,0,0.961,1.14,0,0,0,1.213,0,0,0,0,1.993,0,0,0,15.005,RB
3.942,0,31.7,0,3.271,2.777,9.207,0,0.96,1.142,0,0,0,1.205,0,0,0,0,1.95,0.003,0,0,5.294,RB
3.966,0,32.1,0,3.537,3.146,9.522,0,0.96,1.141,0,0,0,1.207,0,0,0,0,1.97,0,0,0,6.909,RB
3.992,0,32.7,0,4.257,4.158,10.319,0,0.961,1.14,0,0,0,1.213,0,0,0,0,1.992,0,0,0,14.194,RB
3.992,0,32.7,0,4.285,4.17,10.349,0,0.961,1.14,0,0,0,1.213,0,0,0,0,1.993,0,0,0,14.6,RB
3.95,0,31.8,0,3.345,2.807,9.296,0,0.96,1.142,0,0,0,1.205,0,0,0,0,1.956,-0.002,0,0,5.698,RB
3.984,0,32.5,0,3.921,3.684,9.955,0,0.961,1.14,0,0,0,1.211,0,0,0,0,1.985,0,0,0,10.145,RB
3.987,0,32.6,0,4.034,3.807,10.078,0,0.961,1.14,0,0,0,1.212,0,0,0,0,1.988,0,0,0,11.36,RB
3.989,0,32.6,0,4.103,3.907,10.153,0,0.961,1.14,0,0,0,1.213,0,0,0,0,1.99,0,0,0,12.17,RB
3.983,0,32.4,0,3.88,3.585,9.91,0,0.961,1.14,0,0,0,1.211,0,0,0,0,1.984,0,0,0,9.741,RB
3.848,0,30.8,0,2.792,2,8.584,0,0.96,1.144,0,0,0,1.194,0,0,0,0,1.879,-0.062,0,0,3.284,RB
3.995,0,32.8,0,4.486,4.459,10.561,0,0.961,1.139,0,0,0,1.214,0,0,0,0,1.995,0,0,0,17.84,RB
3.99,0,32.7,0,4.167,4,10.223,0,0.961,1.14,0,0,0,1.212,0,0,0,0,1.991,0,0,0,12.98,RB
3.902,0,31.3,0,3.012,2.322,8.881,0,0.96,1.143,0,0,0,1.202,0,0,0,0,1.919,-0.02,0,0,4.086,RB
3.932,0,31.6,0,3.192,2.585,9.11,0,0.96,1.142,0,0,0,1.206,0,0,0,0,1.942,-0.006,0,0,4.891,RB
3.879,0,33.3,0,2.948,2.281,8.743,0,0.961,1.138,0,0,0,1.236,0,0,0,0,1.902,0.038,0,0,3.685,NRB
3.942,0,31.6,0,3.44,2.777,9.207,0,0.969,1.141,0,0,0,1.22,0,0,1,0,1.95,0.003,0,0,5.294,RB
3.966,0,31.4,1,3.553,3.146,9.522,2,0.968,1.143,0,0,0,1.188,0,0,0,0,1.97,0,0,0,6.909,RB
3.984,0,32,1,3.932,3.684,9.955,2,0.966,1.141,0,0,0,1.198,0,0,0,0,1.985,0,0,0,10.145,RB
3.978,0,31.7,1,3.76,3.44,9.762,2,0.966,1.142,0,0,0,1.196,0,0,0,0,1.98,0,0,0,8.527,RB
4.444,0,34.8,1,3.02,1.891,9.202,2,0.979,1.135,0,0,0,1.224,0,0,0,0,2.042,0.042,0,10.174,2.602,RB
3.848,0,29.2,1,2.826,2,8.584,1,0.975,1.147,0,0,0,1.153,0,0,0,0,1.879,-0.068,0,0,3.284,RB
3.414,0,28.6,0,2.118,1,7.408,0,0.958,1.148,0,0,0,1.177,0,0,0,0,1.618,-0.454,0,0,1.707,RB
3.95,0,31,1,3.364,2.807,9.296,1,0.969,1.143,0,0,0,1.18,0,0,0,0,1.956,-0.002,0,0,5.698,RB
3.97,0,31.5,1,3.609,3.17,9.588,1,0.967,1.142,0,0,0,1.189,0,0,0,0,1.973,0,0,0,7.314,RB
3.956,0,31.1,1,3.431,2.974,9.377,1,0.968,1.143,0,0,0,1.183,0,0,0,0,1.962,0.001,0,0,6.102,RB
3.962,0,31.3,1,3.494,3,9.452,1,0.968,1.143,0,0,0,1.184,0,0,0,0,1.966,-0.001,0,0,6.505,RB
3.932,0,30.6,1,3.215,2.585,9.11,1,0.97,1.144,0,0,0,1.175,0,0,0,0,1.942,-0.006,0,0,4.891,RB
3.973,0,31.6,1,3.662,3.301,9.649,1,0.967,1.142,0,0,0,1.189,0,0,0,0,1.975,0,0,0,7.718,RB
3.942,0,30.8,1,3.292,2.777,9.207,1,0.97,1.144,0,0,0,1.175,0,0,0,0,1.95,0.003,0,0,5.294,RB
3.919,0,30.3,1,3.131,2.55,9.002,1,0.971,1.145,0,0,0,1.17,0,0,0,0,1.932,0.012,0,0,4.489,RB
3.902,0,30,1,3.039,2.322,8.881,1,0.972,1.145,0,0,0,1.162,0,0,0,0,1.919,-0.021,0,0,4.086,RB
3.618,0,28.6,0,2.718,1.522,7.853,0,0.982,1.144,0,0,0,1.211,0,0,1,0,1.732,0.324,0,0,2.094,NRB
3.973,1,32.1,0,3.673,3.301,9.649,0,0.964,1.142,0,0,0,1.208,0,0,0,0,1.975,0,0,0,7.718,NRB
4.861,0,55.6,0,3.258,0,9.863,0,0.974,1.092,0,0,0,1.362,3,0,0,0,2.303,-0.007,0,0,1.047,NRB
5.142,0,58.3,0,3.606,0,10.417,0,0.976,1.087,0,0,0,1.373,6,0,0,0,2.435,0,0,0,1.322,RB
4.963,0,48.1,0,3.476,0.985,10.277,0,0.97,1.108,0,0,0,1.336,3,0,0,0,2.359,0.001,0,0,1.762,NRB
4.881,0,52,0,3.482,0.569,10.136,0,0.972,1.1,0,0,0,1.337,2,0,0,0,2.305,0.001,0,0,2.2,NRB
4.562,0,25,0,3.464,0.918,9.184,0,1.118,1.128,0,0,0,1.335,0,0,0,0,2,-0.242,0,0,1.521,NRB
5.31,0,46.7,0,3.642,1.185,10.25,0,1.034,1.1,0,0,1,1.354,1,0,1,0,2.288,0.014,0,0,1.726,RB
4.814,0,27.3,0,3.712,1.299,9.643,0,1.105,1.126,0,0,0,1.352,0,0,1,0,2.136,-0.082,0,0,1.866,NRB
4.562,0,26.7,1,2.653,0.918,9.184,2,0.998,1.158,0,0,0,1.176,0,0,0,0,2,-0.235,0,10.069,1.521,RB
3.414,0,42.9,0,2.376,1,7.408,0,0.998,1.131,0,0,0,1.329,0,0,0,0,1.618,-0.657,0,0,1.707,RB
5.382,0,30,6,3.834,1.197,10.84,12,1.088,1.117,0,0,0,1.216,1,0,0,0,2.381,0.001,0,42.365,2.219,NRB
5.323,0,36.8,5,3.661,1.23,10.549,10,1.072,1.116,0,0,0,1.206,1,0,0,0,2.345,-0.002,0,31.544,2.11,NRB
5.313,0,37.5,3,3.63,1.16,10.388,6,1.065,1.109,0,0,0,1.275,1,0,1,0,2.311,-0.008,0,20.913,1.833,RB
5.433,0,40,3,3.993,1.157,11.048,6,0.997,1.118,0,0,0,1.285,3,0,0,0,2.494,0,0,23.129,1.763,NRB
5.318,1,33.3,3,3.501,1.16,10.388,6,1.045,1.127,0,0,0,1.23,1,0,0,0,2.318,-0.008,0,20.97,1.782,NRB
5.313,1,33.3,3,3.501,1.16,10.388,6,1.045,1.127,0,0,0,1.23,1,0,0,0,2.311,-0.008,0,20.918,1.833,NRB
5.332,0,35.8,7,4.481,2.47,11.31,16,1.007,1.125,0,0,0,1.236,2,0,0,0,2.393,0,0,45.704,6.897,NRB
5.431,3,41.7,3,3.784,1.029,10.764,6,1.029,1.113,0,0,0,1.273,3,0,0,0,2.457,0,0,22.198,1.681,NRB
5.313,1,34.8,4,3.704,1.475,10.558,7,1.044,1.127,0,0,0,1.229,1,0,0,0,2.327,0.001,0,31.885,2.668,NRB
4.732,0,40,2,3.305,1.187,9.642,4,1.025,1.106,0,0,0,1.278,1,0,0,0,2.194,-0.026,0,10.312,1.659,NRB
5.33,0,41.2,3,3.907,1.529,10.805,6,1.004,1.114,0,0,0,1.285,3,0,0,0,2.414,0,0,22.178,2.758,NRB
5.323,1,33.3,5,3.687,1.23,10.549,10,1.088,1.128,0,1,0,1.21,1,0,0,0,2.345,-0.003,0,41.5,2.11,NRB
5.315,1,33.3,5,3.687,1.23,10.548,10,1.088,1.128,0,1,0,1.21,1,0,0,0,2.334,-0.003,0,41.31,2.215,NRB
5.313,0,38.9,2,3.615,1.16,10.388,4,1.033,1.108,0,0,0,1.321,1,0,1,0,2.311,-0.008,0,21.419,1.833,RB
5.423,2,35.3,6,4.386,1.016,11.356,12,1.07,1.119,0,0,0,1.262,2,0,1,0,2.477,0,0,45.487,3.03,NRB
5.097,0,23.1,3,3.111,1.379,9.823,3,1.055,1.138,0,0,0,1.199,0,0,0,0,2.101,0.153,0,19.431,1.934,NRB
5.137,0,38.9,2,3.611,1.455,10.236,2,1.033,1.108,0,0,0,1.318,1,0,1,0,2.236,-0.008,0,21.132,2.425,RB
4.17,0,30.8,1,2.466,0.971,8.597,1,0.989,1.144,0,0,0,1.172,0,0,0,0,1.848,0.376,0,0,1.542,RB
3.414,0,40,0,2.27,1,7.408,0,0.965,1.125,0,0,0,1.316,0,0,0,0,1.618,-0.578,0,0,1.707,NRB
4.543,0,42.9,2,3.307,0,9.765,3,1.003,1.119,0,0,0,1.21,2,0,0,0,2.266,0.004,0,0,2.905,NRB
4.233,0,33.3,2,2.946,2.25,9.096,2,1.004,1.139,0,0,0,1.136,1,0,0,0,2.235,0.044,0,0,2.999,NRB
3.618,0,30.8,1,2.447,0,8.412,0,0.989,1.144,0,0,0,1.187,1,0,0,0,2,-0.204,0,0,0.579,RB
5.262,0,29.4,2,2.812,0.863,10.026,6,1.004,1.147,0,0,0,1.158,0,0,0,0,2.175,0.138,0,10.021,1.435,NRB
5.086,0,27.8,1,2.579,0.918,9.771,0,0.979,1.15,0,0,0,1.154,0,0,0,0,2.074,-0.212,0,0,1.372,NRB
5.216,0,43.1,3,4.111,1.022,11.075,9,0.99,1.118,0,0,0,1.279,3,0,0,0,2.611,0,0,12.402,5.665,NRB
3.732,0,28.6,0,4.115,1.585,8.16,0,0.991,1.126,0,0,0,1.394,0,1,0,0,1.802,-0.193,1,0,2.488,NRB
4.303,0,27.3,0,4.193,1.459,8.815,0,1.029,1.117,0,0,0,1.434,0,1,1,0,1.932,-0.208,0,0,1.745,NRB
5.096,1,42.9,2,3.814,1.124,10.278,4,1.107,1.113,0,1,0,1.321,1,0,1,0,2.358,0.005,0,20.695,1.482,NRB
5.294,1,42.9,2,4.083,1.044,10.589,4,1.153,1.105,0,1,0,1.338,1,0,1,0,2.447,0.001,0,21.069,1.398,NRB
4.77,1,42.9,2,3.445,1.185,9.882,4,1.061,1.121,0,1,0,1.273,1,0,1,0,2.236,0.015,0,20.149,1.74,NRB
4.796,1,42.9,2,3.445,1.185,9.882,4,1.061,1.121,0,1,0,1.273,1,0,1,0,2.243,0.015,0,20.2,1.686,NRB
4.842,2,37.5,4,3.513,1.258,10.136,8,1.087,1.141,0,2,0,1.204,1,0,0,0,2.278,0.005,0,40.471,2.113,NRB
4.796,1,40,3,3.299,1.185,9.882,6,1.057,1.13,0,1,0,1.212,1,0,0,0,2.243,0.015,0,20.095,1.686,RB
5.182,0,26.1,3,3.01,1.837,9.966,4,1.007,1.154,0,0,0,1.096,0,0,0,0,2.175,0.045,0,0,2.244,NRB
3.879,0,26.1,3,2.995,2.281,8.743,4,1.007,1.154,0,0,0,1.083,0,0,0,0,1.902,0.045,0,0,3.685,NRB
4.303,0,26.7,1,2.639,1.459,8.815,2,0.998,1.158,0,0,0,1.131,0,0,0,0,1.932,-0.233,0,0,1.745,NRB
3.618,0,38.5,0,2.46,0,8.412,0,0.964,1.128,0,0,0,1.304,1,0,0,0,2,-0.19,0,0,0.579,RB
4.616,1,38.1,1,3.191,1.461,9.69,2,0.993,1.133,0,0,0,1.23,1,0,0,0,2.203,0.014,0,0,2.063,NRB
4.596,1,40,1,3.011,0.875,9.54,2,1.005,1.13,0,0,0,1.239,1,0,0,0,2.175,0.046,0,0,1.069,NRB
4.749,2,43.8,2,3.74,0.967,10.386,4,0.998,1.119,0,0,0,1.253,2,0,0,1,2.288,0,0,0,3.453,NRB
4.732,1,40,1,3.011,0.875,9.579,2,1.005,1.13,0,0,0,1.234,1,0,0,0,2.194,0.046,0,0,0.854,NRB
5.012,4,41.2,2,3.799,1.066,10.634,4,1.001,1.127,0,0,0,1.239,2,0,0,0,2.382,0,0,0,2.695,NRB
4.641,0,40,2,3.203,1.261,9.714,4,1.004,1.125,0,0,0,1.221,1,0,0,0,2.214,0.014,0,0,1.783,RB
4.97,1,39.1,0,3.181,0.861,10.06,0,0.974,1.13,0,0,0,1.286,1,0,0,0,2.307,0.013,0,0,0.962,NRB
4.807,2,40,0,3.087,0.881,9.833,0,0.976,1.129,0,0,0,1.287,1,0,0,0,2.246,-0.024,0,0,1.06,NRB
4.642,0,41.2,2,3.118,1.187,9.631,4,1.011,1.122,0,0,0,1.217,1,0,0,0,2.2,-0.026,0,0,1.487,RB
4.807,1,40,0,3.087,0.881,9.833,0,0.976,1.129,0,0,0,1.286,1,0,0,0,2.246,-0.024,0,0,1.06,NRB
4.702,2,39.1,2,3.394,1.695,9.965,3,1.008,1.13,0,0,0,1.232,1,0,0,0,2.233,0.004,0,10.759,2.642,RB
5.041,2,46.2,2,3.65,1.429,10.352,6,1.007,1.115,0,0,0,1.265,3,0,0,0,2.378,0,0,11.092,2.496,RB
4.821,1,40,2,3.324,1.455,9.928,3,1.015,1.129,0,0,0,1.232,1,0,0,0,2.249,-0.008,0,10.543,2.209,RB
4.679,0,40,2,3.203,1.261,9.715,4,1.004,1.125,0,0,0,1.213,1,0,0,0,2.222,0.014,0,0,1.695,RB
4.813,0,42.1,3,3.335,1.273,9.947,6,1.027,1.12,0,0,0,1.204,1,0,0,0,2.259,-0.008,0,10.414,1.86,RB
4.782,0,42.1,3,3.335,1.273,9.947,6,1.027,1.12,0,0,0,1.206,1,0,0,0,2.251,-0.008,0,10.36,1.951,RB
5.06,4,35,3,3.45,1.258,10.174,6,1.042,1.144,0,1,0,1.197,1,0,0,0,2.338,0.005,0,20.806,1.539,NRB
4.807,2,41.2,0,3.286,0.881,9.833,0,0.998,1.124,0,0,0,1.31,1,0,1,0,2.246,-0.025,0,0,1.06,NRB
4.807,1,41.2,0,3.286,0.881,9.833,0,0.998,1.124,0,0,0,1.31,1,0,1,0,2.246,-0.025,0,0,1.06,NRB
4.97,1,40,0,3.364,0.861,10.06,0,0.992,1.126,0,0,0,1.306,1,0,1,0,2.307,0.013,0,0,0.962,NRB
3,0,22.2,0,2.323,0.918,6.594,0,0.97,1.13,0,0,0,1.359,0,0,0,0,1.414,0.716,0,0,1.333,NRB
4.17,0,27.3,2,2.512,0.971,8.597,2,1.028,1.151,0,0,0,1.068,0,0,0,0,1.848,0.413,0,9.368,1.542,RB
4.17,0,22.2,2,2.786,0.971,8.597,0,1.055,1.13,0,0,0,1.19,0,0,0,0,1.848,0.431,0,9.292,1.542,RB
4.982,0,38.1,3,3.314,0.762,10.226,8,1.019,1.129,0,0,0,1.18,3,0,0,0,2.424,0.004,0,21.952,1.027,NRB
4.724,0,33.8,3,4.003,3.711,10.425,6,0.979,1.137,0,0,0,1.202,1,0,0,0,2.31,0,0,22.326,9.474,NRB
4.732,0,28.6,3,3.051,0.881,9.803,3,1.014,1.149,0,0,0,1.129,1,0,0,0,2.236,-0.026,0,0,0.95,NRB
5.046,3,47.6,1,3.85,0.648,10.6,2,1.021,1.089,0,0,0,1.38,6,0,0,0,2.457,0,0,11.192,1.61,NRB
5.104,4,37.9,0,3.795,1.506,10.63,0,0.988,1.115,0,0,0,1.363,3,0,0,0,2.385,0,0,0,3.179,NRB
5.188,2,37.5,2,4.04,1.274,10.841,6,1.051,1.114,0,0,0,1.302,3,0,0,0,2.497,0,0,23.805,2.276,NRB
5.236,0,25,3,3.81,0.799,10.434,6,1.188,1.163,0,0,0,1.189,1,0,0,0,2.414,0.005,0,32.257,0.873,NRB
5.054,1,50,2,3.529,0.7,10.291,6,1.02,1.108,0,0,0,1.278,2,0,0,0,2.392,0.001,0,22.407,2.034,NRB
3.618,0,26.7,1,2.386,1.522,7.853,0,0.983,1.152,0,0,0,1.109,0,0,0,0,1.732,0.358,0,0,2.094,NRB
4.303,0,25,1,3.122,1.459,8.815,0,1.042,1.147,0,0,0,1.168,0,0,1,0,1.932,-0.235,0,0,1.745,RB
5.04,0,40,0,3.326,1.258,10.159,0,0.965,1.125,0,0,0,1.284,1,0,0,0,2.323,0.004,0,0,1.711,NRB
4.732,0,44.4,0,2.97,0.875,9.579,0,0.968,1.115,0,0,0,1.323,1,0,0,0,2.194,0.041,0,0,0.854,RB
4.796,0,41.7,0,3.164,1.185,9.882,0,0.966,1.121,0,0,0,1.297,1,0,0,0,2.243,0.012,0,0,1.686,NRB
4.842,0,40,0,3.326,1.258,10.136,0,0.965,1.125,0,0,0,1.287,1,0,0,0,2.278,0.004,0,0,2.113,NRB
5.335,0,42.2,0,3.806,1.169,10.83,0,0.966,1.12,0,0,0,1.312,3,0,0,0,2.499,0,0,0,1.32,NRB
5.234,0,44.4,0,3.655,1.125,10.598,0,0.968,1.115,0,0,0,1.322,3,0,0,0,2.448,0,0,0,1.432,NRB
5.074,0,48,0,4.062,0.566,10.878,0,0.97,1.108,0,0,0,1.324,3,0,0,0,2.39,0,0,0,3.274,NRB
4.828,0,41.7,0,3.157,1.261,9.749,0,0.966,1.121,0,0,0,1.282,1,0,0,0,2.247,0.012,0,0,1.436,NRB
5.475,0,45.5,0,3.996,0.791,10.654,0,1.145,1.083,0,0,0,1.392,1,0,1,0,2.495,-0.008,0,0,0.886,NRB
3.802,0,33.3,0,3.24,1.95,8.394,0,1.04,1.093,0,0,0,1.435,0,0,0,0,1.848,0.15,0,0,2.885,NRB
5.122,0,35.5,6,4.483,2.747,11.156,21,0.987,1.134,0,0,0,1.202,1,0,0,0,2.404,0,0,39.201,4.596,NRB
5.319,0,48.7,2,3.961,1.447,10.855,8,0.99,1.107,0,0,0,1.292,6,0,0,0,2.511,0,0,25.056,2.884,NRB
5.506,0,32.3,8,4.172,2.798,10.911,17,1.01,1.141,0,0,0,1.159,0,0,0,0,2.408,0,0,48.77,3.427,RB
4.38,0,32.3,3,4.236,3.991,10.364,3,0.973,1.141,0,0,0,1.187,0,0,0,0,2.046,0,0,11.299,13.225,NRB
5.535,0,40.4,4,5.086,1.53,11.221,4,1.018,1.11,0,0,0,1.335,2,1,0,0,2.483,0,1,0,3.892,NRB
4.347,0,33.3,2,3.223,2.3,9.338,4,0.99,1.139,0,0,0,1.189,0,0,0,0,2.011,0.014,0,10.504,4.098,RB
4.733,0,32.1,3,4.184,2.513,10.593,11,0.975,1.138,0,0,0,1.207,2,0,0,0,2.259,0,0,0,7.746,NRB
5.05,0,31.6,6,4.19,3.702,10.738,10,0.991,1.142,0,0,0,1.156,1,0,0,0,2.344,0,0,11.801,10.448,RB
5.04,0,44.4,4,3.451,1.258,10.159,8,1.053,1.116,0,0,0,1.194,1,0,0,0,2.323,0.005,0,20.926,1.711,RB
5.372,0,30.4,4,5.447,2.732,11.289,10,0.979,1.129,0,0,0,1.375,0,1,0,0,2.385,0,0,26.877,6.167,NRB
4.815,0,38.1,3,4.735,2.335,11.225,12,0.974,1.126,0,0,0,1.261,3,0,0,0,2.323,0,0,0,5.947,NRB
4.334,0,26.7,2,3.007,1.557,8.944,3,1.018,1.133,0,0,0,1.212,0,0,0,0,1.97,0.145,0,10.141,2.195,RB
5.262,0,31,4,3.624,2.217,10.2,12,1.012,1.134,0,0,0,1.222,0,0,0,0,2.25,-0.002,0,11.68,2.369,NRB
5.332,0,44.7,4,4.232,0.596,11.081,15,1,1.109,0,0,0,1.299,3,0,0,0,2.383,0,0,13.31,2.893,RB
5.262,0,27.3,4,3.72,2.498,10.298,12,0.992,1.145,0,0,0,1.176,0,0,0,0,2.255,0,0,12.171,2.904,NRB
5.355,0,44.7,4,4.232,0.596,11.107,18,1,1.109,0,0,0,1.303,3,0,0,0,2.407,0,0,13.511,2.775,RB
5.331,0,46.3,4,4.167,0.49,10.943,15,1.006,1.105,0,0,0,1.299,3,0,0,0,2.375,0,0,13.14,2.938,NRB
5.303,0,25.4,9,4.573,2.85,11.179,18,1.031,1.143,0,0,0,1.196,0,0,1,0,2.307,0,0,25.357,7.651,NRB
5.529,0,25,1,3.329,1.157,10.626,0,1.245,1.326,0,0,2,0.862,0,0,0,0,2.334,-0.034,0,0,1.917,NRB
5.946,0,31.3,1,3.813,1.549,11.152,1,1.305,1.355,0,0,1,0.896,0,0,0,0,2.482,-0.001,0,0,2.984,NRB
4.771,1,29.5,3,3.62,2.705,9.959,3,0.99,1.148,0,0,0,1.15,0,0,0,0,2.182,0,0,11.716,5.013,RB
4.771,1,31,3,4.015,3.412,10.29,3,0.979,1.145,0,0,0,1.174,0,0,0,0,2.183,0,0,11.961,9.466,RB
4.771,1,30.5,3,3.859,3.118,10.156,3,0.983,1.146,0,0,0,1.167,0,0,0,0,2.183,0,0,11.887,7.554,RB
4.771,1,30.8,3,3.94,3.272,10.226,3,0.981,1.145,0,0,0,1.171,0,0,0,0,2.183,0,0,11.928,8.522,RB
4.771,1,29.8,3,3.673,2.753,10.001,3,0.988,1.148,0,0,0,1.156,0,0,0,0,2.183,0,0,11.762,5.536,RB
4.77,1,29.3,3,3.565,2.531,9.914,3,0.992,1.149,0,0,0,1.149,0,0,0,0,2.182,-0.001,0,11.659,4.484,RB
4.771,1,30.2,3,3.77,2.946,10.082,3,0.985,1.147,0,0,0,1.16,0,0,0,0,2.183,0,0,11.834,6.56,RB
4.675,0,26.5,3,3.363,1.776,10.007,0,0.998,1.155,0,0,0,1.133,0,0,0,0,2.175,0.004,0,0,2.211,NRB
4.5,3,31.6,0,3.929,3.122,10.115,0,0.963,1.143,0,0,0,1.202,0,0,0,0,2.12,0,0,0,4.698,NRB
3.919,2,29.4,0,3.118,2.55,9.002,0,0.965,1.149,0,0,0,1.18,0,0,0,0,1.932,0.012,0,0,4.489,RB
3.802,1,27.3,0,2.68,1.95,8.394,0,0.968,1.155,0,0,0,1.16,0,0,0,0,1.848,0.117,0,0,2.885,RB
4.236,1,30.4,0,3.427,2.79,9.593,0,0.964,1.146,0,0,0,1.203,0,0,0,0,1.987,0.001,0,0,6.005,RB
4.236,1,31.3,0,3.757,3.309,9.914,0,0.963,1.144,0,0,0,1.207,0,0,0,0,1.994,0,0,0,8.475,NRB
4.691,4,27.8,8,3.897,2.122,10.467,0,1.056,1.155,0,0,0,1.112,0,0,0,0,2.211,0,0,42.22,3.997,NRB
3.802,0,28.6,1,2.699,1.95,8.394,1,0.977,1.148,0,0,0,1.136,0,0,0,0,1.848,0.12,0,0,2.885,RB
3.802,0,27.3,0,2.68,1.95,8.394,0,0.968,1.155,0,0,0,1.156,0,0,0,0,1.848,0.117,0,0,2.885,RB
4.373,1,31.1,2,3.844,3.425,9.977,3,0.976,1.144,0,0,0,1.18,0,0,0,0,2.037,0,0,11.106,8.717,RB
3.802,0,35.3,1,2.787,1.95,8.394,1,0.985,1.134,0,0,0,1.203,0,0,0,0,1.848,0.137,0,0,2.885,RB
3.618,0,26.7,1,2.386,1.522,7.853,1,0.983,1.152,0,0,0,1.115,0,0,0,0,1.732,0.342,0,0,2.094,RB
3.414,0,25,1,2.182,1,7.408,1,0.988,1.156,0,0,0,1.068,0,0,0,0,1.618,-0.547,0,0,1.707,RB
4.303,0,26.1,3,3.01,1.837,9.389,2,1.007,1.154,0,0,0,1.104,0,0,0,0,2,0.046,0,0,3.193,NRB
5.173,0,27.3,2,2.876,1.5,9.921,2,0.993,1.151,0,0,0,1.121,0,0,0,0,2.157,-0.076,0,0,1.97,RB
4.393,0,34.5,1,3.203,2.187,9.562,1,0.975,1.136,0,0,0,1.225,0,0,0,0,2.048,0.013,0,0,3.684,RB
2,0,20,0,2.196,0,4.174,0,1.018,1.155,0,0,0,1.119,0,0,0,0,1,-0.981,0,0,1,NRB
2,0,20,0,3.354,0,4.174,0,0.999,1.134,0,0,0,1.367,0,1,0,0,1,-0.875,0,0,1,NRB
3.414,0,33.3,0,2.928,1,7.408,0,1.069,1.12,0,0,0,1.36,0,0,0,0,1.618,-0.627,0,0,1.707,NRB
4.414,0,46.2,0,3.056,0.802,9.183,0,0.979,1.09,0,0,0,1.402,1,0,0,0,2.101,-0.076,0,0,0.975,NRB
5.003,0,52.6,0,3.468,0.629,10.084,0,0.98,1.083,0,0,0,1.403,3,0,0,0,2.351,0.004,0,0,1.075,NRB
5.468,7,35.3,2,3.647,1.774,10.81,2,0.998,1.139,0,0,0,1.233,1,0,0,0,2.429,0,0,20.513,2.33,NRB
4.753,2,36.6,2,3.805,1.249,10.442,2,0.993,1.136,0,0,0,1.214,2,0,0,0,2.292,0,0,20.455,3.906,NRB
4.753,2,51.7,2,3.898,1.249,10.442,2,1.014,1.106,0,0,0,1.299,2,0,0,0,2.292,0,0,20.215,3.906,NRB
5.337,8,33.3,0,3.736,2.059,10.865,0,0.982,1.146,0,0,0,1.26,0,0,0,0,2.324,0,0,0,3.763,NRB
4.971,2,38.7,1,3.509,1.733,10.236,4,0.984,1.13,0,0,0,1.251,1,0,0,0,2.305,0.001,0,11.885,2.585,NRB
5.512,4,48.6,2,3.981,1.311,10.893,4,1.005,1.112,0,0,0,1.295,2,0,0,0,2.426,0,0,0,3.534,NRB
4.607,0,46.7,0,3.439,1.187,9.631,0,1.012,1.103,0,0,0,1.34,1,0,1,0,2.194,-0.025,0,0,1.544,NRB
4.732,0,50,0,3.588,0.881,9.803,0,1.052,1.09,0,0,0,1.397,1,0,1,0,2.236,-0.026,0,0,0.95,NRB
4.414,0,50,0,3.099,0.802,9.183,0,0.998,1.099,0,0,0,1.351,1,0,1,0,2.101,-0.077,0,0,0.975,NRB
4.807,0,50,0,3.588,0.881,9.833,0,1.052,1.09,0,0,0,1.389,1,0,1,0,2.246,-0.025,0,0,1.06,NRB
5.318,0,46.7,0,3.52,1.16,10.388,0,1.093,1.175,0,0,1,1.167,1,0,1,0,2.318,-0.009,0,0,1.782,NRB
4.954,0,50,1,3.545,1.185,9.93,2,1.045,1.096,0,0,0,1.345,1,0,1,0,2.288,0.014,0,10.279,1.239,NRB
4.807,0,45.5,0,3.595,0.881,9.833,0,1.076,1.106,0,0,0,1.367,1,0,1,0,2.246,-0.026,0,0,1.06,NRB
4.923,0,47.1,1,3.394,1.185,9.911,2,1.011,1.107,0,0,0,1.314,1,0,1,0,2.267,0.014,0,10.782,1.563,NRB
4.828,1,50,1,3.627,1.455,9.947,1,1.06,1.102,0,0,0,1.331,1,0,1,0,2.268,-0.008,0,9.803,1.996,NRB
4.679,4,57.1,0,3.292,1.261,9.715,0,1.006,1.101,0,0,0,1.35,1,0,0,0,2.222,0.015,0,0,1.695,NRB
4.303,0,38.5,0,2.724,0.862,9.067,0,0.981,1.134,0,0,0,1.333,1,0,0,1,2.115,0.13,0,0,0.956,RB
5,2,42.5,1,3.893,1.048,10.745,4,0.987,1.124,0,0,0,1.276,2,0,0,0,2.358,0,0,12.381,3.585,NRB
4.792,4,38.9,0,4.176,2.296,10.681,0,0.967,1.128,0,0,0,1.265,2,0,0,1,2.305,0,0,0,6.858,NRB
3,0,25,0,2.411,0.918,6.594,0,0.997,1.149,0,0,0,1.246,0,0,0,0,1.414,0.757,0,0,1.333,NRB
4.17,0,38.5,0,2.482,0.971,8.597,0,0.964,1.128,0,0,0,1.306,0,0,0,0,1.848,0.359,0,0,1.542,NRB
4.77,0,35.7,0,3.101,1.185,9.882,0,0.963,1.133,0,0,0,1.246,1,0,0,0,2.236,0.011,0,0,1.74,RB
4.372,0,35.7,0,3.095,1.922,9.494,0,0.963,1.133,0,0,0,1.268,0,0,0,0,2.031,-0.022,0,0,3.412,RB
4.17,0,25,0,3.217,0.971,8.597,0,1.078,1.135,0,0,0,1.321,0,0,0,0,1.848,0.385,0,0,1.542,NRB
4.17,0,33.3,0,2.776,0.971,8.597,0,0.988,1.134,0,0,0,1.286,0,0,1,0,1.848,0.358,0,0,1.542,RB
4.562,0,28.6,2,2.673,0.918,9.184,2,1.014,1.149,0,0,0,1.143,0,0,0,0,2,-0.242,0,9.894,1.521,RB
4.17,0,27.3,2,2.512,0.971,8.597,1,1.028,1.151,0,0,0,1.111,0,0,0,0,1.848,0.414,0,9.563,1.542,RB
4.17,0,30.8,1,2.466,0.971,8.597,1,0.989,1.144,0,0,0,1.16,0,0,0,0,1.848,0.367,0,9.813,1.542,RB
4.523,0,33.3,2,3.056,1.837,9.454,4,0.998,1.139,0,0,0,1.169,0,0,0,0,2.074,0.045,0,21.121,2.57,RB
4.808,0,45.5,2,3.41,1.695,9.972,4,1.003,1.113,0,0,0,1.272,1,0,0,0,2.236,0.004,0,21.841,2.668,RB
4.414,0,26.3,2,2.756,1.379,9.222,2,0.998,1.153,0,0,0,1.118,0,0,0,0,2,0.132,0,0,2.133,RB
4.334,0,28.6,2,2.853,1.557,8.944,3,1.029,1.154,0,0,0,1.14,0,0,0,0,1.97,0.155,0,10.023,2.195,NRB
4.732,2,40,0,3.08,1.187,9.642,0,0.976,1.129,0,0,0,1.261,1,0,0,0,2.194,-0.024,0,0,1.659,NRB
4.17,0,25,0,2.373,0.971,8.597,0,0.97,1.161,0,0,0,1.13,0,0,0,0,1.848,0.324,0,0,1.542,RB
5.248,0,30.8,0,3.364,1.792,10.573,0,0.993,1.157,1,0,0,1.239,0,0,0,0,2.247,-0.008,0,0,3.06,NRB
4.845,0,43.8,1,3.523,1.185,9.902,2,1.032,1.11,0,0,0,1.307,1,0,1,0,2.267,0.014,0,0,1.393,RB
4.802,5,39.3,1,3.862,0,10.433,0,1.004,1.112,0,0,0,1.332,4,0,0,0,2.392,0,0,0,3.053,NRB
3,0,27.3,0,1.842,0.918,6.594,0,0.958,1.151,0,0,0,1.185,0,0,0,0,1.414,0.646,0,0,1.333,RB
4.858,0,48.1,2,3.633,0.648,10.32,5,0.998,1.108,0,0,0,1.282,2,0,0,0,2.299,0,0,0,2.949,NRB
5.055,0,48.3,1,3.618,0.648,10.357,3,0.983,1.107,0,0,0,1.299,2,0,0,0,2.345,0,0,0,2.644,NRB
4.985,0,52.2,1,3.499,0.569,10.158,3,0.989,1.099,0,0,0,1.304,2,0,0,0,2.327,0.001,0,0,2.096,RB
5.116,0,52.4,2,3.532,0.985,10.31,5,1.009,1.099,0,0,0,1.304,3,0,0,0,2.401,0.001,0,10.681,1.274,RB
5.073,0,50,3,3.608,1.02,10.428,7,1.023,1.104,0,0,0,1.268,3,0,0,0,2.399,-0.001,0,10.705,1.642,NRB
5.119,0,39.1,2,3.299,0.832,10.265,7,0.998,1.127,0,0,0,1.224,1,0,0,0,2.365,-0.008,0,0,0.952,NRB
5.252,0,49.2,1,4.332,0.541,11.217,3,0.977,1.106,0,0,0,1.312,4,0,0,0,2.474,0,0,0,2.892,NRB
5.121,0,37.8,1,3.542,1.564,10.411,4,0.974,1.129,0,0,0,1.247,1,0,0,0,2.373,-0.001,0,0,2.301,NRB
4.971,0,48.3,1,3.618,0.648,10.338,2,0.983,1.107,0,0,0,1.296,2,0,0,0,2.322,0,0,0,2.758,NRB
4.732,0,43.8,1,2.998,0.875,9.579,3,0.991,1.117,0,0,0,1.271,1,0,0,0,2.194,0.044,0,0,0.854,RB
4.863,0,52.2,1,3.499,0.569,10.135,2,0.989,1.099,0,0,0,1.303,2,0,0,0,2.3,0.001,0,0,2.241,NRB
4.751,0,52,2,3.648,0.781,10.2,6,1.003,1.1,0,0,0,1.294,2,0,0,0,2.275,0,0,10.556,3.052,NRB
4.796,0,43.8,3,3.261,1.185,9.882,6,1.04,1.117,0,0,0,1.207,1,0,0,0,2.243,0.015,0,10.242,1.686,RB
5.145,0,52.2,1,5.261,0.749,10.805,4,1.049,1.058,0,0,0,1.511,2,1,0,0,2.404,0,1,0,3.189,NRB
4.807,0,43.8,1,3.297,0.881,9.833,3,1.012,1.113,0,0,0,1.298,1,0,1,0,2.246,-0.025,0,0,1.06,NRB
5.366,0,40,1,3.272,1.16,10.405,3,0.981,1.125,0,0,0,1.265,1,0,0,0,2.342,-0.007,0,0,1.661,NRB
4.807,0,43.8,1,3.297,0.881,9.833,2,1.012,1.113,0,0,0,1.294,1,0,1,0,2.246,-0.025,0,0,1.06,NRB
4.953,0,42.1,3,3.335,1.273,9.975,7,1.027,1.12,0,0,0,1.205,1,0,0,0,2.288,-0.008,0,10.501,1.602,RB
4.962,0,50,1,3.558,0.544,10.193,4,0.986,1.104,0,0,0,1.292,2,0,0,0,2.307,-0.001,0,0,2.627,RB
5.494,0,36.7,1,3.766,1.378,11.12,4,0.971,1.131,0,0,0,1.257,1,0,0,0,2.475,0,0,0,1.774,NRB
5.319,0,53.3,2,3.839,0.894,10.8,8,0.999,1.097,0,0,0,1.304,6,0,0,0,2.51,0,0,24.67,1.618,NRB
5.488,0,37.5,1,3.611,1.125,11.011,4,0.973,1.13,0,0,0,1.266,1,0,0,0,2.458,0,0,0,1.942,NRB
5.346,0,50,4,4.352,0.335,11.134,16,1.002,1.098,0,0,0,1.31,4,0,0,0,2.414,0,0,13.638,3.726,NRB
5.313,0,40,1,3.272,1.16,10.388,2,0.981,1.125,0,0,0,1.265,1,0,0,0,2.311,-0.007,0,0,1.833,NRB
5.772,2,44.4,3,4.4,1.179,11.542,14,0.993,1.118,0,0,0,1.266,9,0,0,0,2.662,0,0,13.015,2.215,NRB
4.95,3,43.5,1,3.498,0.7,10.271,2,1.003,1.125,0,0,0,1.277,2,0,0,0,2.377,0.001,0,11.396,2.113,NRB
5.093,7,38.9,2,4.301,1.385,10.843,4,1.01,1.129,1,0,0,1.274,2,1,0,0,2.494,0,1,24.24,2.989,NRB
4.958,1,38.9,3,3.375,1.16,10.099,6,1.041,1.132,0,1,0,1.226,1,0,0,0,2.303,-0.008,0,20.357,1.602,NRB
4.414,0,18.2,0,3.095,0.917,9.459,0,1.044,1.174,0,0,0,1.28,1,0,0,1,2.199,-0.087,0,0,1.101,NRB
4.709,3,46.2,0,3.557,0.544,10.149,0,0.985,1.118,0,0,0,1.294,2,0,0,1,2.259,-0.001,0,0,2.952,NRB
4.941,6,54.2,0,4.275,0,11.075,0,0.982,1.099,0,0,0,1.344,7,0,0,2,2.376,0,0,0,5.295,NRB
4.893,12,50,3,4.239,0,10.88,12,1.014,1.11,0,0,0,1.276,4,0,0,0,2.358,0,0,0,2.984,NRB
5.005,0,50,4,4.31,0.714,10.849,10,1.072,1.096,0,0,0,1.305,2,0,1,0,2.345,0,0,23.541,4.811,NRB
4.722,3,48,1,3.647,0.781,10.2,2,1.003,1.115,0,0,0,1.288,2,0,0,1,2.269,0,0,10.206,3.115,NRB
4.607,0,50,0,3.299,1.187,9.631,0,0.991,1.1,0,0,0,1.349,1,0,1,0,2.194,-0.025,0,0,1.544,NRB
4.642,0,50,0,3.299,1.187,9.631,0,0.991,1.1,0,0,0,1.348,1,0,1,0,2.2,-0.025,0,0,1.487,NRB
4.499,0,50,0,3,1.125,9.311,0,0.971,1.104,0,0,0,1.323,1,0,0,0,2.136,0.043,0,0,1.481,RB
4.679,0,50,0,3.219,1.261,9.715,0,0.971,1.104,0,0,0,1.331,1,0,0,0,2.222,0.013,0,0,1.695,NRB
4.783,0,50,0,3.299,1.187,9.668,0,0.991,1.1,0,0,0,1.35,1,0,1,0,2.222,-0.025,0,0,1.358,NRB
4.414,0,50,0,3.733,0.802,9.183,0,0.99,1.091,0,0,0,1.413,1,1,0,0,2.101,-0.075,1,0,0.975,NRB
5.236,0,50,0,5.164,0.799,10.434,0,1.085,1.025,0,0,0,1.635,1,1,0,0,2.414,0.004,1,0,0.873,NRB
5.303,0,21.4,0,3.22,1.224,10.445,0,0.95,1.132,0,0,0,1.504,0,0,0,0,2.236,0.032,0,0,2.129,NRB
4.476,1,29.4,2,2.97,1.5,9.345,3,1.017,1.152,0,0,0,1.165,0,0,0,0,2.042,-0.085,0,20.443,2.34,RB
4.17,0,25,1,2.488,0.971,8.597,1,1.007,1.163,0,0,0,1.126,0,0,0,0,1.848,0.399,0,9.701,1.542,RB
4.214,0,26.7,1,2.642,1.459,8.755,1,0.998,1.158,0,0,0,1.156,0,0,0,0,1.902,-0.235,0,9.933,2.052,RB
4.236,0,32,4,3.794,3.122,10.004,4,0.991,1.141,0,0,0,1.163,0,0,0,0,2,0,0,20.61,8.008,RB
5.182,0,35,4,3.747,1.066,10.643,8,1.001,1.135,0,0,0,1.168,2,0,0,0,2.416,0,0,22.673,2.459,RB
4.236,0,30.8,2,3.106,2.246,9.214,2,0.989,1.144,0,0,0,1.157,0,0,0,0,1.97,-0.024,0,10.032,3.888,RB
4.236,0,31.3,2,3.271,2.522,9.383,2,0.984,1.143,0,0,0,1.168,0,0,0,0,1.98,-0.007,0,10.134,4.746,RB
4.236,0,31,2,3.192,2.3,9.302,2,0.986,1.143,0,0,0,1.157,0,0,0,0,1.975,0.013,0,10.088,4.32,RB
4.236,0,31.4,2,3.345,2.565,9.458,2,0.982,1.142,0,0,0,1.171,0,0,0,0,1.983,0.004,0,10.173,5.169,RB
4.236,1,30,2,3.485,2.79,9.593,2,0.984,1.147,0,0,0,1.16,0,0,0,0,1.987,0.001,0,10.225,6.005,RB
4.235,0,30.4,2,3.012,1.975,9.118,2,0.993,1.145,0,0,0,1.152,0,0,0,0,1.962,0.043,0,9.962,3.449,RB
3.802,0,26.3,2,2.736,1.95,8.394,2,0.998,1.153,0,0,0,1.085,0,0,0,0,1.848,0.132,0,0,2.885,RB
4.233,0,30,2,2.909,1.906,9.011,2,0.998,1.146,0,0,0,1.132,0,0,0,0,1.95,-0.077,0,9.874,2.999,RB
4.228,0,29.4,2,2.793,1.557,8.891,2,1.004,1.147,0,0,0,1.133,0,0,0,0,1.932,0.137,0,9.758,2.535,RB
5.04,0,36.4,4,3.403,1.258,10.159,8,1.033,1.132,0,0,0,1.153,1,0,0,0,2.323,0.004,0,21.144,1.711,NRB
5.04,0,36.4,4,3.403,1.258,10.159,8,1.033,1.132,0,0,0,1.153,1,0,0,0,2.323,0.004,0,21.144,1.711,NRB
3.802,0,23.5,3,2.771,1.95,8.394,0,1.024,1.159,0,0,0,1.048,0,0,0,0,1.848,0.148,0,0,2.885,RB
4.214,0,28.6,2,2.662,1.459,8.755,2,1.014,1.149,0,0,0,1.122,0,0,0,0,1.902,-0.241,0,9.599,2.052,RB
3.962,8,22.7,0,3.525,3,9.452,0,0.985,1.172,0,0,0,1.12,0,0,0,0,1.966,-0.001,0,0,6.505,NRB
3.902,2,26.7,0,3.038,2.322,8.881,0,0.972,1.158,0,0,0,1.145,0,0,0,0,1.919,-0.022,0,0,4.086,RB
4.679,4,36.4,0,3.179,1.261,9.715,0,0.983,1.14,0,0,0,1.222,1,0,0,0,2.222,0.013,0,0,1.695,NRB
4.679,0,45.5,0,3.188,1.261,9.715,0,0.968,1.113,0,0,0,1.306,1,0,0,0,2.222,0.013,0,0,1.695,NRB
4.641,0,45.5,0,3.188,1.261,9.714,0,0.968,1.113,0,0,0,1.311,1,0,0,0,2.214,0.013,0,0,1.783,NRB
4.891,0,50,0,3.542,0.816,10.187,0,0.971,1.104,0,0,0,1.321,2,0,0,0,2.314,-0.001,0,0,2.358,RB
4.908,0,47.1,0,3.656,1,10.375,0,0.969,1.11,0,0,0,1.311,2,0,0,0,2.334,0,0,0,2.698,NRB
4.974,0,45,0,3.758,1.093,10.534,0,0.968,1.114,0,0,0,1.3,2,0,0,0,2.37,0,0,0,2.634,NRB
4.629,0,28.6,2,3.059,1.379,9.312,3,1.037,1.145,0,0,0,1.173,0,0,0,0,2.053,0.148,0,10.157,1.776,RB
4.303,0,27.3,2,2.953,1.459,8.815,1,1.057,1.146,0,0,0,1.141,0,0,0,0,1.932,-0.262,0,9.826,1.745,NRB
4.446,0,33.3,4,3.221,1.922,9.523,6,1.047,1.139,0,0,0,1.136,0,0,0,0,2.061,-0.029,0,20.631,3.132,RB
4.334,0,33.3,2,3.087,1.557,8.944,1,1.052,1.134,0,0,0,1.196,0,0,0,0,1.97,0.156,0,9.986,2.195,RB
4.414,0,27.3,0,2.69,1.449,8.995,0,0.968,1.155,0,0,0,1.146,0,0,0,0,2,0.117,0,0,1.496,NRB
5.236,0,33.3,0,4.006,0.799,10.434,0,1.069,1.12,0,0,0,1.347,1,0,1,0,2.414,0.004,0,0,0.873,NRB
5.31,0,46.7,0,3.288,1.185,10.25,0,1.072,1.179,0,0,1,1.127,1,0,0,0,2.288,0.016,0,0,1.726,NRB
5.273,2,41.9,3,4.443,1.309,11.076,6,1.067,1.105,0,0,0,1.319,2,0,1,0,2.437,0,0,23.392,3.165,NRB
5.276,0,55.6,2,3.824,0.788,10.565,6,1.053,1.086,0,0,0,1.322,3,0,1,0,2.463,-0.001,0,23.092,1.098,NRB
5.306,6,52.4,2,4.211,0.596,11.279,8,1.001,1.103,0,0,0,1.311,15,0,0,2,2.546,0,0,25.93,2.383,NRB
5.098,0,31.4,10,4.512,3.926,10.941,5,1.006,1.139,0,0,0,1.167,1,0,0,0,2.236,0,0,20.648,13.503,NRB
5.002,0,41.7,2,4.415,0.748,10.344,3,1.017,1.108,0,0,0,1.325,2,1,0,0,2.351,-0.001,1,0,2.747,NRB
4.796,0,46.7,2,3.413,1.185,9.882,4,1.042,1.107,0,0,0,1.268,1,0,1,0,2.243,0.015,0,10.295,1.686,RB
4.923,0,46.7,2,4.45,1.185,9.911,4,1.025,1.092,0,0,0,1.432,1,0,0,0,2.267,0.014,0,10.417,1.563,NRB
4.641,0,50,2,3.262,1.261,9.714,4,1.019,1.104,0,0,0,1.275,1,0,0,0,2.214,0.015,0,20.236,1.783,RB
4.888,0,51.7,2,3.769,0.604,10.396,6,0.998,1.1,0,0,0,1.298,2,0,0,0,2.288,0,0,23.615,3.756,RB
5,0,27.3,0,3.181,0,10.242,0,0.997,1.166,0,0,0,1.198,7,0,0,0,2.449,0.004,0,0,0.4,NRB
4.814,6,27.3,0,3.269,1.299,10.002,0,0.978,1.159,0,0,0,1.164,1,0,0,0,2.288,0.004,0,0,1.413,RB
4.519,0,27.3,0,3.69,2.431,10.229,0,0.974,1.157,0,0,0,1.189,0,0,0,0,2.136,0,0,0,3.448,NRB
4.895,2,41.2,2,3.489,1.16,10.099,4,1.043,1.124,0,0,0,1.246,1,0,1,0,2.292,-0.008,0,10.366,1.696,NRB
5.814,0,34.5,1,3.227,0.845,10.926,4,0.975,1.136,0,0,0,1.223,3,0,0,0,2.62,0.003,0,0,0.811,RB
4.958,0,32.3,1,3.186,1.16,10.099,3,0.973,1.141,0,0,0,1.202,1,0,0,0,2.303,-0.006,0,0,1.602,NRB
4.517,0,42.9,0,3.061,1.409,9.391,0,0.967,1.119,0,0,0,1.292,1,0,0,0,2.149,-0.023,0,0,2.036,RB
4.593,0,44.4,2,3.233,1.461,9.665,2,1.011,1.116,0,0,0,1.245,1,0,0,0,2.175,0.014,0,10.169,2.298,RB
4.658,1,40,2,3.324,1.455,9.9,3,1.015,1.129,0,0,0,1.227,1,0,0,0,2.22,-0.008,0,10.524,2.349,RB
4.521,0,41.7,0,3.15,1.661,9.466,0,0.966,1.121,0,0,0,1.288,1,0,0,0,2.154,0.012,0,0,2.593,NRB
4.562,0,43.8,1,2.998,0.875,9.54,2,0.991,1.117,0,0,0,1.265,1,0,0,0,2.17,0.044,0,0,1.14,RB
3.414,0,22.2,1,2.617,1,7.408,0,1.034,1.155,0,0,0,1.123,0,0,0,0,1.618,-0.606,0,0,1.707,RB
4.414,0,28.6,1,2.72,1.379,9.222,1,0.977,1.148,0,0,0,1.178,0,0,0,0,2,0.12,0,0,2.133,RB
4.414,0,29.4,2,2.802,1.379,9.222,1,1.004,1.147,0,0,0,1.164,0,0,0,0,2,0.142,0,10.032,2.133,RB
4.596,1,41.2,0,2.984,0.875,9.54,0,0.979,1.127,0,0,0,1.301,1,0,0,0,2.175,0.043,0,0,1.069,RB
4.732,0,40,3,3.149,0.881,9.803,6,1.042,1.125,0,0,0,1.189,1,0,0,0,2.236,-0.027,0,0,0.95,RB
4.562,0,30.8,2,3.12,1.761,9.689,2,0.989,1.144,0,0,0,1.191,0,0,0,0,2.101,-0.024,0,10.413,2.874,RB
4.343,0,30,2,2.917,1.5,9.309,3,0.998,1.146,0,0,0,1.156,0,0,0,0,2,-0.079,0,10.126,2.682,RB
4.235,0,32,1,2.985,1.975,9.118,1,0.976,1.141,0,0,0,1.204,0,0,0,0,1.962,0.04,0,10.407,3.449,RB
4.763,2,29.4,1,3.469,2.258,9.766,3,0.981,1.141,0,0,0,1.231,0,0,0,0,2.172,0.004,0,11.528,3.205,RB
4.461,0,21.1,3,3.064,1.891,9.202,2,1.038,1.173,0,0,0,1.072,0,0,0,0,2.053,0.049,0,9.739,2.244,RB
4.968,2,31.4,1,3.554,1.965,10.113,3,0.981,1.137,0,0,0,1.225,1,0,0,0,2.291,0.001,0,11.762,2.566,NRB
4.868,0,41.7,4,3.57,1.733,10.201,6,1.03,1.121,0,0,0,1.199,1,0,0,0,2.293,0.001,0,10.227,2.922,RB
4.95,0,40.9,3,3.404,1.695,10.017,8,1.018,1.123,0,0,0,1.216,1,0,0,0,2.287,0.004,0,11.083,2.322,RB
4.923,1,41.2,2,3.249,1.185,9.911,4,1.024,1.127,0,0,0,1.219,1,0,0,0,2.267,0.015,0,10.342,1.563,RB
4.893,0,50,1,3.74,0.648,10.32,3,0.998,1.102,0,0,0,1.318,2,0,1,0,2.312,0,0,0,2.866,RB
4.811,0,40.9,3,3.404,1.695,9.991,7,1.018,1.123,0,0,0,1.215,1,0,0,0,2.256,0.004,0,11.052,2.45,RB
4.922,0,40,4,3.427,1.258,10.152,8,1.042,1.125,0,0,0,1.18,1,0,0,0,2.309,0.005,0,10.443,1.768,RB
4.522,0,37.5,0,3.674,3.012,9.918,0,0.964,1.13,0,0,0,1.255,1,0,0,0,2.158,0,0,0,6.622,RB
4.214,0,27.8,1,2.567,1.459,8.755,1,0.979,1.15,0,0,0,1.157,0,0,0,0,1.902,-0.205,0,0,2.052,RB
4.233,0,30,2,2.909,1.906,9.011,2,0.998,1.146,0,0,0,1.151,0,0,0,0,1.95,-0.079,0,10.096,2.999,RB
4,0,20,0,4.131,0.811,8.318,0,1.11,1.092,0,0,0,1.589,0,1,0,0,1.732,-0.565,0,0,1,NRB
5.071,2,41.2,2,3.683,1.124,10.277,4,1.062,1.121,0,0,0,1.269,1,0,1,0,2.353,0.004,0,10.528,1.513,NRB
4.832,8,29,0,3.692,1.564,10.314,0,1.004,1.159,0,0,0,1.229,1,0,1,0,2.303,-0.001,0,0,2.657,NRB
4.414,0,27.3,4,2.909,1.379,9.222,4,1.098,1.152,0,0,0,1.075,0,0,0,0,2,0.167,0,18.858,2.133,RB
4.596,2,33.3,0,3.01,0.875,9.54,0,1.005,1.155,0,0,0,1.224,1,0,0,0,2.175,0.047,0,0,1.069,NRB
5.098,0,27.9,4,3.745,2.911,10.229,4,0.997,1.143,0,0,0,1.165,0,0,0,0,2.121,0,0,20.45,6.651,RB
5.098,0,28.6,3,3.682,2.75,10.195,3,0.989,1.142,0,0,0,1.187,0,0,0,0,2.121,-0.001,0,20.845,6.218,RB
4.862,3,37,1,3.655,1.618,10.32,3,1.006,1.135,0,0,0,1.268,1,0,1,0,2.292,0.001,0,11.28,2.902,NRB
4.732,0,38.5,2,3.038,0.875,9.579,3,1.04,1.134,0,0,0,1.205,1,0,0,0,2.194,0.048,0,10.313,0.854,NRB
4.981,2,50,1,4.344,1.16,10.115,2,1.047,1.087,0,0,0,1.414,1,1,0,0,2.32,-0.008,1,0,1.386,RB
5.036,2,40.5,2,4.57,2.561,10.511,5,1.005,1.117,0,0,0,1.326,1,1,0,0,2.357,0,1,11.775,4.903,RB
5.135,0,54.5,2,4.166,0.714,10.834,8,1.067,1.084,0,0,0,1.339,6,0,1,0,2.467,0,0,0,1.842,NRB
5.372,0,34.6,3,4.004,3.23,10.606,9,0.987,1.13,0,0,0,1.233,1,0,0,0,2.327,0,0,23.741,7.358,RB
5.386,9,29.3,6,4.15,1.708,11.059,12,1.04,1.148,0,2,0,1.2,1,0,0,0,2.479,0,0,68.106,2.168,NRB
4.788,3,42.9,2,3.994,1.329,10.632,7,1.01,1.122,0,0,0,1.273,2,0,1,0,2.297,0,0,11.491,4.181,NRB
5.063,2,43.8,1,3.612,1.16,10.123,2,1.045,1.115,0,0,0,1.307,1,0,1,0,2.327,-0.008,0,10.696,1.458,NRB
4.972,3,35.5,2,3.594,1.697,10.363,5,1.001,1.139,0,0,0,1.22,1,0,0,0,2.327,-0.001,0,10.968,2.785,RB
4.863,0,54.5,0,3.621,0.569,10.135,0,0.988,1.092,0,0,0,1.348,2,0,1,0,2.3,0.001,0,0,2.241,RB
5.157,0,61.5,0,3.76,0,10.741,0,0.978,1.08,0,0,0,1.395,12,0,0,0,2.569,0,0,0,1.115,NRB
5.157,0,62.5,0,3.985,0,11,0,0.978,1.078,0,0,0,1.403,18,0,0,0,2.592,0,0,0,1.633,NRB
4.523,0,26.1,3,3.01,1.837,9.454,6,1.007,1.154,0,0,0,1.06,0,0,0,0,2.074,0.046,0,0,2.57,NRB
4.236,0,30.3,1,3.137,2.3,9.302,1,0.971,1.145,0,0,0,1.178,0,0,0,0,1.975,0.012,0,0,4.32,RB
5.264,0,20,3,3.457,1.485,10.167,5,1.028,1.142,0,0,0,1.244,0,0,0,0,2.236,-0.027,0,21.57,2.108,RB
5.115,0,54.5,0,4.066,0.75,10.569,0,1.032,1.084,0,0,0,1.383,2,0,1,0,2.398,0,0,0,2.231,NRB
5.223,0,54.5,0,5.247,0.76,10.81,0,1.036,1.051,0,0,0,1.545,2,1,0,0,2.443,0,1,0,2.399,NRB
4.732,0,46.2,1,3.049,0.875,9.579,2,1.038,1.138,0,0,0,1.208,1,0,0,0,2.194,0.048,0,0,0.854,NRB
5.199,0,33.3,8,3.778,1.243,10.727,16,1.075,1.139,0,0,0,1.125,1,0,0,0,2.496,0,0,43.367,1.45,NRB
4.732,2,33.3,0,3.01,0.875,9.579,0,1.005,1.155,0,0,0,1.222,1,0,0,0,2.194,0.046,0,0,0.854,NRB
4.796,0,42.9,2,3.421,1.185,9.882,2,1.061,1.121,0,0,0,1.248,1,0,1,0,2.243,0.015,0,10.232,1.686,NRB
5.386,7,31,6,4.146,1.708,11.059,12,1.034,1.143,0,2,0,1.215,1,0,0,0,2.479,0,0,68.713,2.168,NRB
4.882,1,41.2,4,3.459,1.258,10.136,6,1.069,1.127,0,0,0,1.179,1,0,0,0,2.288,0.005,0,20.675,2.011,RB
5.063,0,46.7,2,3.62,1.16,10.123,4,1.064,1.103,0,0,0,1.295,1,0,1,0,2.327,-0.008,0,10.474,1.458,NRB
4.965,0,46.7,2,3.62,1.16,10.099,4,1.064,1.103,0,0,0,1.29,1,0,1,0,2.305,-0.008,0,10.431,1.553,NRB
4.897,0,44.4,4,4.157,1.499,10.769,9,1.028,1.112,0,0,0,1.266,2,0,1,0,2.329,0,0,11.292,4.478,RB
4.97,3,41.4,2,3.767,0.625,10.368,3,1.005,1.115,0,0,0,1.275,2,0,0,0,2.313,0,0,11.908,3.309,RB
5.236,1,42.9,0,3.962,0.799,10.434,0,1.098,1.105,0,0,0,1.364,1,0,1,0,2.414,0.004,0,0,0.873,NRB
4.732,0,46.2,1,4.384,0.875,9.579,2,1.004,1.09,0,0,0,1.504,1,0,0,0,2.194,0.044,0,0,0.854,NRB
4.562,0,46.2,1,4.384,0.875,9.54,2,1.004,1.09,0,0,0,1.502,1,0,0,0,2.17,0.044,0,0,1.14,NRB
3.414,0,33.3,0,4.059,1,7.408,0,1.038,1.086,0,0,0,1.586,0,1,0,0,1.618,-0.564,0,0,1.707,NRB
4.414,0,23.5,1,2.791,1.449,8.995,2,1.004,1.169,0,0,0,1.127,0,0,0,0,2,0.139,0,9.643,1.496,NRB
4.871,5,36.4,1,3.902,2.202,10.42,3,1.007,1.134,0,0,0,1.269,1,0,1,0,2.297,0,0,11.753,3.881,NRB
5.343,0,56.8,0,4.005,0.418,11.077,0,0.975,1.09,0,0,0,1.378,18,0,0,0,2.582,0,0,0,1.679,NRB
4.691,0,25,4,3.125,1.436,9.666,4,1.066,1.161,0,0,0,1.078,0,0,0,0,2.117,0.052,0,19.617,2.428,RB
5.141,0,41.2,2,3.775,1.124,10.31,4,1.068,1.112,0,0,0,1.291,1,0,1,0,2.38,0.004,0,0,1.232,NRB
5.257,3,36.6,4,3.878,1.959,10.725,5,1.006,1.134,0,0,0,1.22,1,0,0,0,2.425,0,0,24.104,2.269,NRB
4.732,0,42.9,2,3.162,1.187,9.642,4,1.037,1.125,0,0,0,1.215,1,0,0,0,2.194,-0.027,0,10.161,1.659,RB
5.331,4,50,1,4.133,0.854,11.139,4,1.027,1.133,0,0,1,1.237,3,0,0,0,2.452,0,0,12.788,3.292,NRB
4.214,0,27.8,1,2.567,1.459,8.755,1,0.979,1.15,0,0,0,1.146,0,0,0,0,1.902,-0.206,0,0,2.052,RB
4.17,0,18.2,1,2.509,0.971,8.597,2,1.027,1.185,0,0,0,1.12,0,0,0,0,1.848,0.418,0,9.181,1.542,NRB
4.461,2,26.1,1,3.011,1.891,9.202,2,0.993,1.161,0,0,0,1.152,0,0,0,0,2.053,0.043,0,9.961,2.244,NRB
4.543,0,47.4,2,3.335,1.705,9.722,2,1.01,1.109,0,0,0,1.253,1,0,0,0,2.166,-0.008,0,10.086,2.905,RB
4.732,1,42.9,0,3.453,0.881,9.803,0,1.029,1.117,0,0,0,1.342,1,0,1,0,2.236,-0.025,0,0,0.95,NRB
4.739,2,39.1,2,3.394,1.695,9.972,2,1.008,1.13,0,0,0,1.218,1,0,0,0,2.212,0.004,0,10.379,2.815,RB
4.236,0,32.3,1,3.169,2.3,9.302,1,0.973,1.141,0,0,0,1.2,0,0,0,0,1.975,0.012,0,10.533,4.32,RB
2,0,14.3,0,1.486,0,4.174,0,0.981,1.19,0,0,0,0.964,0,0,0,0,1,-0.973,0,0,1,RB
4.628,0,45,3,3.427,1.695,9.945,4,1.026,1.114,0,0,0,1.224,1,0,0,0,2.213,0.004,0,10.103,2.95,RB
4,0,20,0,3.752,0.811,8.318,0,1.129,1.112,0,0,0,1.484,0,1,0,0,1.732,-0.601,0,0,1,NRB
4,0,25,0,2.898,0.811,8.318,0,1.037,1.142,0,0,0,1.327,0,0,0,0,1.732,-0.575,0,0,1,NRB
5.086,0,27.8,1,2.579,0.918,9.771,1,0.979,1.15,0,0,0,1.126,0,0,0,0,2.074,-0.206,0,0,1.372,NRB
4.833,0,40.9,3,3.404,1.695,9.991,7,1.018,1.123,0,0,0,1.215,1,0,0,0,2.263,0.004,0,11.064,2.414,RB
5.262,0,27.3,1,3.938,2.498,10.298,3,0.975,1.125,0,0,0,1.329,0,0,0,0,2.255,0,0,12.727,2.904,RB
4.17,0,36.4,1,2.527,0.971,8.597,1,0.998,1.132,0,0,0,1.239,0,0,0,0,1.848,0.398,0,9.694,1.542,NRB
5.474,0,38.5,6,4.045,1.112,11.095,12,1.064,1.106,0,0,0,1.265,3,0,0,0,2.489,0,0,44.606,2.066,NRB
5.486,0,50,5,4.058,0.932,11.11,14,1.045,1.094,0,0,0,1.278,6,0,0,0,2.545,0,0,47.419,1.787,NRB
5.073,0,37.5,6,4.054,2.729,10.621,13,1.012,1.13,0,0,0,1.19,1,0,0,0,2.353,0,0,35.588,5.327,RB
5.366,1,33.3,3,3.501,1.16,10.405,6,1.045,1.127,0,0,0,1.23,1,0,0,0,2.342,-0.008,0,21.059,1.661,NRB
5.147,8,28.6,0,3.719,1.602,10.592,0,0.993,1.152,0,0,0,1.236,1,0,0,0,2.329,0,0,0,2.528,NRB
5.04,0,41.2,4,3.459,1.258,10.159,6,1.069,1.127,0,0,0,1.18,1,0,0,0,2.323,0.005,0,20.823,1.711,RB
4.303,0,31.3,1,2.623,1.459,8.815,2,0.984,1.143,0,0,0,1.151,0,0,0,0,1.932,-0.218,0,10.181,1.745,RB
4.732,0,42.9,2,3.162,1.187,9.642,2,1.037,1.125,0,0,0,1.215,1,0,0,0,2.194,-0.027,0,10.138,1.659,RB
5.021,2,37.5,2,3.708,1.124,10.277,4,1.08,1.133,0,1,0,1.271,1,0,1,0,2.343,0.005,0,20.528,1.623,NRB
5,4,36.8,6,3.731,1.254,10.466,12,1.108,1.14,0,2,0,1.177,1,0,0,0,2.358,-0.001,0,51.868,1.609,NRB
4.895,0,41.2,4,3.36,1.16,10.099,8,1.056,1.123,0,0,0,1.179,1,0,0,0,2.292,-0.008,0,10.272,1.696,RB
4.77,0,44.4,2,3.239,1.185,9.882,4,1.011,1.116,0,0,0,1.253,1,0,0,0,2.236,0.014,0,10.675,1.74,RB
5.845,0,43.5,2,3.979,0.853,11.37,7,0.984,1.117,0,0,0,1.275,10,0,0,0,2.622,0,0,0,1.949,NRB
4.807,0,33.3,2,3.193,0.881,9.833,4,1.105,1.181,0,0,0,1.126,1,0,0,0,2.246,-0.029,0,20.354,1.06,NRB
4.967,0,39.1,4,3.49,1.508,10.188,9,1.032,1.127,0,0,0,1.187,1,0,0,0,2.318,-0.002,0,10.49,2.155,RB
5.145,1,45.5,0,3.926,1.369,10.757,0,0.973,1.115,0,0,0,1.313,6,0,0,0,2.448,0,0,0,2.827,NRB
5.475,5,35.6,4,4.137,0.882,11.23,7,1.014,1.133,0,0,0,1.229,4,0,0,0,2.627,0,0,23.711,4.912,NRB
5.319,4,23.3,7,4.168,2.155,10.928,14,1.043,1.154,0,0,0,1.14,1,0,0,0,2.425,0,0,12.568,3.286,RB
5.317,4,22.5,7,4.137,2.125,10.904,14,1.049,1.156,0,0,0,1.133,1,0,0,0,2.417,0,0,12.461,3.23,NRB
5.297,6,33.3,2,3.591,0.802,10.655,7,1.03,1.152,0,0,0,1.22,3,0,0,1,2.505,-0.001,0,23.161,1.097,RB
5.44,14,31.6,4,4.567,1.159,11.383,6,1.029,1.14,0,0,0,1.257,5,0,0,1,2.573,0,0,37.217,5.543,NRB
4.839,18,36.7,0,4.458,0.609,10.986,0,1.003,1.141,0,0,0,1.261,2,0,1,0,2.273,0,0,0,9.958,NRB
5.306,3,40.5,3,4.105,0.813,11.094,8,1.021,1.138,0,0,0,1.19,5,0,0,0,2.541,0,0,23.758,2.378,NRB
5.369,0,38.7,3,3.767,2.024,10.629,7,1.012,1.126,0,0,0,1.241,1,0,1,0,2.331,0,0,11.563,3.299,NRB
5.351,0,40,3,3.669,1.618,10.573,6,1.024,1.123,0,0,0,1.239,1,0,1,0,2.315,0.001,0,10.741,2.852,NRB
5.8,4,41.9,3,3.996,0.797,11.351,9,0.998,1.123,0,0,0,1.252,24,0,0,0,2.708,0,0,0,1.11,NRB
5.433,3,24.1,2,3.81,1.822,10.433,7,1.019,1.15,0,0,0,1.228,1,0,0,0,2.368,0.001,0,12.189,2.101,NRB
5.1,2,30,5,3.751,1,10.702,9,1.045,1.154,0,0,0,1.137,2,0,0,0,2.458,0,0,11.511,2.377,NRB
5.617,2,40.7,2,4.084,1.525,11.028,8,0.984,1.125,0,0,0,1.258,2,0,0,0,2.473,0,0,12.345,2.26,NRB
5.217,1,43.2,3,4.107,0.49,11.149,9,1.003,1.122,0,0,0,1.274,10,0,0,1,2.52,0,0,24.505,4.01,NRB
4.924,2,37,1,3.349,1.695,10.016,3,0.986,1.134,0,0,0,1.221,1,0,0,0,2.264,0.004,0,0,2.411,NRB
5.542,1,31.4,13,4.768,0.881,12.041,42,1.004,1.143,0,0,0,1.156,3,0,0,0,2.487,0,0,27.876,3.306,NRB
5.666,2,42.1,4,4.489,0.848,11.578,15,0.989,1.121,0,0,0,1.244,4,0,0,0,2.496,0,0,11.484,7.079,NRB
5.527,2,31,4,3.834,0.992,10.98,8,1.071,1.175,0,0,0,1.11,2,0,0,0,2.524,0,0,11.431,2.317,NRB
4.921,0,39.4,2,3.579,1.564,10.35,4,0.988,1.126,0,0,0,1.245,1,0,0,0,2.298,-0.001,0,10.762,2.928,NRB
5.435,3,24.1,2,3.81,1.822,10.433,7,1.019,1.15,0,0,0,1.229,1,0,0,0,2.377,0.001,0,12.189,2.369,NRB
5.409,7,31.7,9,5.568,2.211,11.298,11,1.032,1.132,0,0,0,1.32,1,0,0,0,2.524,0,0,38.487,3.089,NRB
5.379,8,32.1,8,5.549,2.218,11.225,10,1.031,1.131,0,0,0,1.346,1,0,0,0,2.508,0,0,38.252,3.402,NRB
5.412,14,32.2,18,6.258,1.958,12.06,30,1.036,1.131,0,0,0,1.325,2,0,0,0,2.531,0,0,83.992,7.873,NRB
5.266,2,27.3,4,3.561,2.106,10.42,8,1.018,1.156,0,0,0,1.118,0,0,0,0,2.264,0.001,0,20.912,3.038,NRB
5.432,7,33.3,5,4.204,1.251,11.287,10,1.014,1.138,0,0,0,1.228,4,0,0,0,2.642,0,0,36.249,3.796,NRB
4.691,0,20,0,3.073,1.436,9.666,0,1.008,1.187,0,0,0,1.147,0,0,0,0,2.117,0.049,0,0,2.428,NRB
5.084,12,36.4,5,4.428,1.658,11.266,7,1.03,1.144,0,0,0,1.206,4,0,0,0,2.417,0,0,34.311,6.278,NRB
5.353,2,35.7,4,3.621,1.571,10.687,8,1.025,1.137,0,0,0,1.181,1,0,0,0,2.34,-0.001,0,10.74,2.882,NRB
4.993,3,28.6,3,3.447,1.557,10.168,2,1.045,1.16,0,1,0,1.193,1,0,0,1,2.37,0.004,0,20.746,1.909,NRB
5.458,10,36.7,6,4.362,2.109,11.218,14,1.016,1.137,0,0,0,1.196,6,0,0,0,2.577,0,0,26.74,3.445,NRB
5.032,0,45.2,3,3.763,1.335,10.602,6,1.005,1.114,0,0,0,1.257,3,0,0,0,2.397,0,0,10.916,2.48,NRB
4.732,1,40,1,3.15,1.187,9.642,2,1.02,1.136,0,0,0,1.231,1,0,0,0,2.194,-0.027,0,10.383,1.659,NRB
5.42,5,39.1,4,4.182,0.85,11.257,11,1.023,1.139,0,0,0,1.208,8,0,0,0,2.579,0,0,23.989,2.27,NRB
5.119,3,33,5,4.352,3.263,10.986,10,0.985,1.14,0,0,0,1.193,1,0,0,0,2.413,0,0,35.962,5.557,NRB
5.863,6,38.6,9,4.426,0.927,11.801,32,1.033,1.131,0,0,0,1.2,10,0,0,0,2.697,0,0,38.505,2.014,NRB
5.476,5,39,4,4.113,0.899,11.21,6,1.016,1.124,0,0,0,1.253,4,0,0,0,2.63,0,0,35.816,4.128,NRB
4.9,2,37.5,1,3.276,1.455,9.955,3,0.989,1.133,0,0,0,1.22,1,0,0,0,2.251,-0.007,0,0,2.15,NRB
4.939,3,37.3,4,4.241,0.659,10.787,9,0.99,1.131,0,0,0,1.214,2,0,0,0,2.322,0,0,0,10.312,RB
5.2,17,38.4,5,4.775,1.055,11.728,8,0.997,1.133,0,0,0,1.237,7,0,0,0,2.44,0,0,52.787,6.497,NRB
5.395,5,41.9,3,3.977,0.697,10.827,8,1.022,1.117,0,0,0,1.274,2,0,0,0,2.376,0,0,35.694,3.722,NRB
5.392,6,37,2,3.88,0.682,10.708,6,1.029,1.133,0,0,0,1.265,2,0,0,0,2.37,0,0,23.762,3.21,NRB
5.392,8,35.5,3,3.973,0.92,10.824,6,1.032,1.136,0,0,0,1.241,2,0,0,0,2.376,0,0,24.008,3.583,NRB
5.391,5,35.7,3,3.882,0.732,10.775,6,1.032,1.132,0,0,0,1.263,2,0,0,0,2.383,0,0,23.777,3.229,NRB
5.392,11,42.9,5,4.346,0.787,11.183,13,1.037,1.12,0,0,0,1.254,3,0,0,0,2.381,0,0,35.693,5.597,NRB
5.823,6,39.3,8,4.393,0.937,11.76,28,1.028,1.129,0,0,0,1.209,10,0,0,0,2.676,0,0,38.418,2.077,NRB
5.203,5,33.3,2,3.53,0.808,10.522,5,1.039,1.154,0,0,0,1.224,3,0,0,1,2.475,0.001,0,22.425,1.092,NRB
5.26,4,33.3,2,3.53,0.808,10.537,7,1.039,1.154,0,0,0,1.216,3,0,0,1,2.476,0.001,0,22.814,0.979,RB
5.556,0,26.9,6,4.079,1.612,10.952,0,1.062,1.118,0,0,0,1.274,1,0,1,0,2.394,0,0,22.009,2.915,NRB
5.389,5,33.3,3,3.878,2.367,10.673,7,1.009,1.135,0,0,0,1.234,1,0,0,0,2.359,0,0,35.002,4.091,NRB
5.113,0,20,8,3.882,2,10.776,8,1.065,1.147,0,0,0,1.127,0,0,0,0,2.223,-0.001,0,42.133,4.356,NRB
6.049,16,39.3,9,4.973,1.121,12.376,25,1.002,1.129,0,0,0,1.234,28,0,0,1,2.796,0,0,42.727,3.557,NRB
6.05,16,39.7,10,4.996,1.141,12.381,27,1.006,1.128,0,0,0,1.234,28,0,0,1,2.798,0,0,56.437,3.526,NRB
6.041,18,39.1,7,4.902,0.989,12.344,21,0.999,1.13,0,0,0,1.238,28,0,0,1,2.791,0,0,28.88,3.416,NRB
